X,Y,Goal,Distance,Angle
90.3,38.9,0,29.7203633894339,87.8789036033386
100.4,19.8,0,28.1460476799141,44.1363099554004
100.9,48.2,0,20.7858124690857,113.234784936827
99.0,56.5,0,26.7067407221473,128.157226587369
103.5,15.4,0,29.6211073391931,33.8510103035582
90.4,50.1,0,31.2757094244079,108.840473352188
110.3,14.2,0,27.5632001044871,20.6047040439898
101.3,63.3,0,29.8760773864308,141.25033957778
100.6,24.3,0,24.9569629562573,51.0175030328457
80.1,38.6,0,39.9245538484778,87.9904461869788
100.6,19.0,0,28.5895085652062,42.7320454640942
106.5,65.1,0,28.5001754380565,151.726476066312
90.9,56.7,0,33.5514530236769,119.850788347329
90.6,45.7,0,29.9474539819331,100.972240237812
97.3,53.5,0,26.4109825640774,120.74052735179
93.1,57.8,0,32.2560071924595,123.493006292649
85.2,43.3,0,34.9561153448148,95.4170221138566
81.6,43.8,0,38.5875627631495,95.6514948814977
81.2,22.4,0,42.6051640062563,65.6005640758249
76.6,54.7,1,45.8219379773488,108.7117378751
93.9,42.8,0,26.2497619036821,96.1232546186614
92.4,25.8,0,31.0386855391784,62.774507994264
84.3,33.9,0,36.2173991335656,80.303606458861
89.6,30.2,0,31.9405698133268,72.1323175869359
115.3,14.8,0,25.6345470020439,10.5647348237562
98.0,28.2,0,24.9647751842471,61.7925091209847
81.0,46.3,0,39.5055692276418,99.1762033403761
96.1,38.7,0,23.9353295360645,86.8865612519429
100.6,56.7,0,25.5978514723404,130.722683826755
79.5,41.0,0,40.5123437979093,91.414423211402
96.4,57.3,0,29.2617497767991,126.243311230212
102.1,13.8,0,31.7308997666313,34.3411279062093
78.2,28.6,0,43.3266661537672,74.7448812969422
87.5,25.2,0,35.7112027240753,65.5162103850889
95.5,26.0,1,28.2179021190449,60.2551187030578
102.9,17.3,0,28.4200633356085,36.9908597029628
87.3,62.6,0,39.7498427669846,124.6495721729
86.5,45.5,0,33.9484903935359,99.323591778138
91.0,46.1,0,29.6346081465573,101.87870048333
86.8,38.4,0,33.2385318568676,87.2408923413798
93.6,38.0,0,26.4756491893967,85.6676860168114
105.3,62.7,0,27.0440381600086,147.07383093495
95.9,21.7,0,30.2605353554758,52.7892854779617
80.5,23.1,0,42.963472857766,66.8364313521082
86.8,51.9,0,35.2682576830781,109.719392344723
89.5,29.4,0,32.2894719684296,70.8355654902207
90.1,47.2,0,30.7546744414569,103.539210530207
89.6,35.8,0,30.6887601574257,82.1339316271032
93.2,34.2,0,27.4204303394385,77.788491623524
100.6,45.2,0,20.0848201386022,105.00492038286
87.4,53.1,0,35.1336021495092,111.892258954896
100.2,42.4,0,19.9449241663136,96.9112271190246
87.0,30.7,0,34.2854196415911,74.2611985625505
106.8,14.7,0,28.5364678963603,27.5528115767178
94.7,24.9,0,29.4635367870186,59.1696443433195
95.7,33.9,0,25.0539418056321,75.9082911287673
98.4,61.9,0,30.7598764626908,135.395137042507
89.5,49.1,0,31.8286034880577,106.613033375923
107.3,7.6,0,34.8001436778643,21.4039531437177
96.5,52.5,0,26.6176633084123,118.009176708014
72.5,53.8,0,49.4640273330023,106.199971418705
94.2,56.0,0,30.3585243383139,121.805328924997
98.2,21.2,1,28.7868025317158,49.2259981779585
80.1,41.4,0,39.9245538484778,92.0095538130212
87.2,37.1,0,32.9279516520539,84.9473530452684
84.0,32.3,0,36.8142635401009,77.9269829255542
85.1,36.6,0,35.0652249386768,84.4357351526506
95.8,49.0,0,25.8193725717725,110.400209394843
89.4,33.5,0,31.282742846496,78.0075795491721
99.5,2.9,1,42.387026317023,28.9233124418147
96.6,35.7,0,23.7918053119136,79.5874548244055
86.3,63.3,0,40.9704771756444,124.659774851252
98.1,38.3,0,21.9658826364888,85.5612836322953
87.1,35.0,0,33.2777703580033,81.358559173519
101.5,50.4,0,21.2228650280776,119.343047234204
99.0,52.0,1,24.1867732448956,119.744881296942
94.0,28.0,0,28.6356421265527,65.2248594311681
100.0,63.0,0,30.4795013082563,138.99091309843
92.0,58.0,0,33.2866339541865,122.735226272108
92.0,61.0,0,35.0,126.869897645844
90.0,36.0,0,30.2654919008431,82.4053566314086
100.0,52.0,0,23.3238075793812,120.963756532074
91.0,35.0,0,29.4278779391243,80.2175929681927
95.0,38.0,0,25.0798724079689,85.4260787400991
95.0,49.0,0,26.5706605111728,109.798876354525
94.0,59.0,1,32.2024843762092,126.158185439808
97.0,26.0,0,26.9258240356725,58.6713071321958
94.0,37.0,0,26.1725046566048,83.418055344822
95.0,29.0,0,27.3130005674953,66.2505055071332
96.0,19.0,0,31.8904374382039,48.8140748342904
93.0,27.0,0,29.9666481275434,64.2900462191887
96.0,34.0,0,24.738633753706,75.9637565320735
84.0,34.0,0,36.4965751817893,80.5376777919744
96.0,47.0,0,25.0,106.260204708312
100.0,60.0,1,28.2842712474619,135.0
100.0,34.0,0,20.8806130178211,73.3007557660064
96.0,54.0,0,27.7848879788996,120.256437163529
102.0,31.0,0,20.1246117974981,63.434948822922
88.0,34.0,0,32.5576411921994,79.3803447238449
95.0,49.0,0,26.5706605111728,109.798876354525
99.0,56.0,0,26.4007575648882,127.303948277983
93.0,31.0,0,28.4604989415154,71.565051177078
87.0,42.0,0,33.0605505096331,93.4682292589172
89.0,36.0,0,31.2569992161756,82.6476206401076
87.0,43.0,0,33.1360830515618,95.1944289077348
92.0,40.0,0,28.0,90.0
94.0,30.0,0,27.8567765543682,68.9624889745782
87.0,41.0,0,33.0151480384384,91.7357045889283
89.0,15.0,0,39.8246155034798,51.1155035662854
95.0,55.0,0,29.1547594742265,120.963756532074
93.0,23.0,0,31.9061122670876,57.8042660652867
101.0,36.0,1,19.4164878389476,78.111341960372
94.0,45.0,0,26.4764045897475,100.885527054659
88.0,43.0,0,32.1403173599764,95.3558250428551
95.0,30.0,0,26.9258240356725,68.1985905136482
94.0,19.0,0,33.4215499341368,51.0724564072077
95.0,55.0,0,29.1547594742265,120.963756532074
104.0,16.0,0,28.8444102037119,33.6900675259798
96.0,61.0,0,31.8904374382039,131.18592516571
93.0,36.0,0,27.2946881279124,81.5730309785193
81.0,44.0,0,39.2045915678253,95.856013585429
100.0,29.0,0,22.8254244210267,61.189206257027
94.0,53.0,0,29.0688837074973,116.565051177078
114.0,17.0,0,23.7697286480094,14.6208739886317
96.0,54.0,0,27.7848879788996,120.256437163529
87.0,49.0,0,34.2052627529741,105.255118703058
94.0,50.0,0,27.8567765543682,111.037511025422
93.0,42.0,0,27.0739727413618,94.2363947990589
92.0,55.0,0,31.7647603485372,118.178590109959
96.0,53.0,0,27.2946881279124,118.442928624363
95.0,51.0,0,27.3130005674953,113.749494492867
99.0,63.0,0,31.1448230047949,137.6025622025
100.0,54.0,0,24.4131112314674,124.992020198559
96.0,44.0,1,24.3310501211929,99.4623222080256
84.0,47.0,0,36.6742416417845,101.00354085175
82.0,42.0,0,38.0525951808809,93.0127875041833
88.0,38.0,0,32.0624390837628,86.4236656250026
98.0,21.0,0,29.0688837074973,49.1849161251184
91.0,41.0,0,29.0172362570938,91.974934010882
95.0,33.0,0,25.9615099714943,74.3577535427913
95.0,50.0,0,26.9258240356725,111.801409486352
102.0,33.0,0,19.313207915828,68.7494944928668
95.0,24.0,0,29.6816441593117,57.3807569288072
101.0,55.0,0,24.2074368738204,128.290163192243
90.0,27.0,0,32.6955654485436,66.5713071912546
79.0,39.0,0,41.0121933088198,88.6028189727039
115.0,18.0,0,22.561028345357,12.8042660652868
99.0,31.0,0,22.8473193175917,66.8014094863518
90.0,51.0,0,31.9530906173409,110.136303428248
104.0,16.0,0,28.8444102037119,33.6900675259798
102.0,38.0,0,18.1107702762748,83.65980825409
90.0,44.0,0,30.2654919008431,97.5946433685914
99.0,20.0,0,29.0,46.3971810272964
100.0,50.0,0,22.3606797749979,116.565051177078
98.0,23.0,0,27.8028775489157,52.3057595333108
96.0,57.0,0,29.4108823397055,125.311213439633
96.0,43.0,1,24.1867732448956,97.1250163489018
99.1,27.0,0,24.6132078364442,58.1179925261059
103.3,13.7,0,31.1541329521462,32.4147710589499
96.3,33.5,0,24.5751907418844,74.6630886622641
84.6,49.2,0,36.5759483814159,104.568151869154
86.7,41.3,1,33.3253657144224,92.2356368961463
87.3,40.5,0,32.7038224065628,90.8760139891177
92.9,31.8,0,28.3134243778459,73.1650758922257
96.1,29.3,1,26.1858740545356,65.8819974652456
92.6,52.6,0,30.1582492860577,114.69552629004
88.0,49.4,0,33.3520614055563,106.370150900084
98.9,25.7,0,25.4892134048895,55.873520395255
86.9,40.9,0,33.1122333888851,91.5575075323665
96.0,23.4,0,29.1815009894968,55.3296820890194
93.9,27.7,0,28.853076092507,64.7671686767917
95.6,30.2,0,26.2944861140126,68.1176643252128
86.8,38.4,0,33.2385318568676,87.2408923413798
94.5,37.4,0,25.632206303789,84.1781962500001
97.0,43.3,0,23.2355331335435,98.1649750093222
94.0,42.7,0,26.1398163727292,95.9286955462151
96.7,29.3,0,25.6394227704135,65.3341130325005
101.1,59.8,0,27.372431386342,136.33221985387
112.6,6.7,0,34.1123144919837,12.5288077091515
92.4,35.8,0,27.9177362979164,81.3474582088853
94.8,41.9,0,25.2715254782928,94.3117619019824
103.5,16.7,0,28.5506567350035,35.3043900766176
91.4,33.9,0,29.2432898286085,77.9599797389252
98.1,35.7,0,22.3181540455298,78.8914578372476
101.2,43.2,0,19.0703959056963,99.6598930784423
95.1,46.7,0,25.7856549267223,105.060235850819
90.9,45.4,0,29.5967903665245,100.512627169921
92.8,47.1,0,28.1113855937412,104.629448633811
87.8,49.9,0,33.687534786624,107.09022443422
94.0,54.7,0,29.8678757195754,119.483149905439
94.8,26.6,0,28.5411982929939,61.9983651873636
106.9,63.2,0,26.6430103404251,150.548530279057
93.4,27.5,0,29.3906447700625,64.8300040839034
91.0,34.0,0,29.6141857899217,78.3106308245608
87.2,46.1,0,33.3624039901204,100.535257208657
88.9,44.9,0,31.4836465486449,98.9537046276342
96.0,33.3,0,24.9176644170356,74.40203841534
97.2,37.9,0,22.8965062837106,84.7376046004049
98.0,53.2,0,25.6561883373193,120.963756532074
97.5,34.1,0,23.2606964642076,75.3065866295088
100.9,17.2,0,29.7430664189152,39.9535581403143
89.1,28.8,0,32.8671568590896,70.0764679609336
82.3,43.9,0,37.9011873164945,95.9061411137705
95.7,54.3,0,28.1953896940617,120.475848062581
89.7,26.5,0,33.1713732003968,65.9848978358822
89.4,49.8,0,32.1309819333303,107.758258482643
87.5,45.1,0,32.8977202857584,98.918300670829
88.0,39.1,0,32.0126537481665,88.3889808920584
97.7,47.0,0,23.3728474944753,107.427143253425
92.0,23.2,0,32.6533306111337,59.0362434679265
96.8,34.4,0,23.8662942242821,76.4295656148385
92.9,45.3,0,27.6134025429681,101.065775800577
99.1,38.1,0,20.9861859326558,84.8055710922652
95.1,26.7,0,28.2294172805604,61.8916957446745
96.1,23.1,0,29.2714878337265,54.735373895505
84.1,42.3,0,35.9736014321613,93.6657502926303
93.3,57.1,0,31.7064662174768,122.637507584286
94.5,24.4,0,29.8933102884241,58.5431766424447
87.1,38.5,0,32.9341767773236,87.3895382002095
84.8,41.1,0,35.2171833058807,91.7899106082463
86.1,55.1,0,37.1109148364737,114.009516963618
89.3,32.5,0,31.602847972928,76.271558986612
97.7,29.6,0,24.6058936029562,64.9971737397644
90.2,48.5,0,30.9885462711628,105.919998837199
87.6,24.2,0,36.0471912914169,64.003622749411
93.1,37.4,0,27.0253584620075,84.4792669980698
79.0,44.9,0,41.2917667338175,96.8152194186442
92.3,35.5,1,28.0631430883998,80.7726328057107
90.2,46.0,0,30.3980262517157,101.383862471072
92.7,15.2,0,36.8826517484847,47.7472104201225
90.8,22.6,0,33.9911753253694,59.2096913119945
79.7,38.3,0,40.3358401424837,87.5844885351872
99.5,71.4,0,37.499466662874,146.860836453239
89.8,28.8,0,32.2099363551063,69.6521507373156
85.8,35.5,0,34.4947822141262,82.5041423602702
95.6,50.4,0,26.5239514401607,113.085133672808
92.4,43.0,0,27.7625647230223,96.2034479016918
91.8,48.2,0,29.3680098065906,106.213381689986
80.4,66.2,0,47.4826284023958,123.489265382527
101.5,31.3,0,20.4435808996369,64.8137932454957
92.5,37.5,0,27.6134025429682,84.8055710922652
88.9,49.6,0,32.5479646061009,107.154498351407
94.5,39.3,0,25.5096060338062,88.4275695723265
82.3,36.7,0,37.8441541060175,84.9974701147086
90.9,43.1,0,29.264654448669,96.080740932817
97.3,47.3,0,23.8449156006055,107.827058853083
100.1,26.9,0,23.8247770188936,56.6434314987617
87.6,34.9,0,32.7989329094713,81.0546181664611
97.0,29.2,0,25.4094470620673,64.8468828615256
116.0,75.6,0,35.8240142920918,173.589159979768
98.0,32.0,0,23.4093998214393,70.0168934781
93.0,36.8,0,27.188968351153,83.2409188730295
99.3,45.4,0,21.3927557832085,104.620873988632
96.5,52.6,0,26.6647707659376,118.198883773637
104.6,17.5,0,27.2655460242409,34.3894726159953
89.6,44.9,0,30.7923691845886,99.1564213264841
84.6,33.3,0,36.0284609718484,79.2826538048489
110.2,66.3,0,28.0665281073381,159.563420369411
98.4,53.3,0,25.3663162481272,121.622299709637
89.6,59.5,0,36.1166166743232,122.678035361626
99.2,23.6,0,26.4877330098293,51.7455796474828
93.3,22.9,0,31.7064662174768,57.3624924157143
95.0,30.2,0,26.8521879927875,68.5948205698815
98.5,27.0,0,25.1246890528022,58.8406954916556
89.5,55.3,0,34.1224266428987,116.640143898844
84.5,33.1,0,36.1643470838338,79.0007791195545
95.8,25.2,0,28.3668820986727,58.5512847269464
100.1,54.3,0,24.5051015096857,125.700758317937
99.5,43.0,0,20.7183493551007,98.3256503304268
90.3,27.1,0,32.3805497173844,66.5226001079071
90.0,27.4,0,32.538592471095,67.2175942695183
90.3,40.9,1,29.7136332345945,91.7357045889283
100.9,21.3,0,26.7301328092473,45.6062819155174
84.9,57.2,0,39.0877218573812,116.106170306184
86.8,50.2,0,34.7315418603897,107.078471654874
98.3,24.5,0,26.6672083278321,54.4623222080256
91.3,27.7,0,31.224669734042,66.8014094863518
99.8,62.1,0,29.9407748730723,137.57184060785
96.5,50.0,0,25.5391855782443,113.051300916473
104.8,16.0,0,28.4084494473035,32.347443499442
90.7,53.1,0,32.0951709763322,114.089369645563
100.2,25.0,0,24.8402898533813,52.8533133019782
100.5,20.0,0,27.9329554469268,44.2747757009408
89.7,47.4,0,31.190543438677,103.724372164985
80.3,26.9,0,41.8055020302352,71.7384115542851
100.1,44.7,0,20.4474937339519,103.288654134762
95.6,64.3,0,34.4361728419405,134.882349694074
87.4,41.8,0,32.649655434629,93.1603616260457
98.1,48.6,0,23.5280683440014,111.439641416236
94.7,47.0,0,26.2505238042977,105.465693623529
85.3,54.4,0,37.5692693567495,112.537745746164
109.4,16.5,0,25.7800310317889,24.2784136629995
99.7,31.4,0,22.0465416789119,67.0402827042438
100.3,35.0,1,20.3246156175215,75.7586412525522
78.2,38.5,0,41.8269052166186,87.9448132401072
85.9,40.7,0,34.1071839939916,91.1759945300179
83.8,35.9,0,36.4314424638937,83.5382350941373
89.8,57.5,0,34.9040112308027,120.091013636133
98.3,47.6,0,22.9923900454042,109.301806436493
92.8,32.9,0,28.1113855937412,75.3705513661895
99.5,26.7,0,24.4364481870832,57.0252796096353
108.9,13.7,0,28.5464533699022,22.8823336730125
88.9,47.9,0,32.0876923445735,104.252779774539
105.1,16.1,0,28.1641616243055,31.9406909741747
84.6,30.9,0,36.5509233809489,75.5835645043615
89.9,28.0,0,32.4038577950219,68.264259000095
91.7,45.7,0,28.8683217385424,101.387779952629
94.8,30.1,0,27.0748961216844,68.5522636728946
95.6,32.8,0,25.4401257858526,73.5596204783198
100.8,48.1,0,20.8386659841747,112.873665190627
93.6,28.7,0,28.7167198683972,66.8276078290679
90.1,47.0,0,30.7084678875388,103.176418752844
99.5,49.3,0,22.510886255321,114.401825538367
97.7,41.8,0,22.3725277963846,94.6147665778885
98.1,35.1,0,22.4414794521217,77.3881148534009
91.0,36.0,0,29.2745623366089,82.1466866980218
101.4,21.9,0,25.9532271596424,45.7805481602835
87.4,38.9,0,32.6185530028541,88.0674400391414
84.1,32.4,0,36.6956400679972,78.0470098840935
92.8,44.6,0,27.5862284482674,99.5989030685418
90.4,32.6,0,30.5109816295707,75.9637565320735
91.9,51.6,0,30.4001644732393,112.431392668911
99.8,23.9,0,25.831182706179,51.4441138438828
99.1,54.4,0,25.3805043291106,124.566655860895
81.8,38.2,0,38.2423848628717,87.3021943666836
116.1,15.7,0,24.6109731623924,9.1178627537958
102.9,12.4,0,32.4679842306232,31.7809150929834
92.7,35.2,0,27.7187662063087,80.0279423126689
90.7,55.8,0,33.2885866326583,118.335727753228
87.0,36.0,0,33.2415402771893,83.0887728809753
100.6,21.7,0,26.6692707061892,46.6712859754373
91.3,30.4,0,30.2630137296337,71.5051810008401
89.7,38.3,0,30.347652297995,86.7887519818885
96.6,41.1,0,23.4258404331627,92.6914100157784
90.1,22.7,0,34.5441746174373,59.9465268242834
100.7,26.6,1,23.4957442955102,55.2277324110039
100.6,57.9,0,26.3964012698701,132.697121054013
93.4,52.6,0,29.4333144582801,115.346175941947
97.8,34.5,0,22.8711608800253,76.0852744400363
108.0,12.9,0,29.6379823874703,23.8839747660827
87.7,40.9,0,32.3125362669042,91.5960638579757
91.9,29.9,0,29.8600066979229,70.2300098439418
97.3,36.4,0,22.9836898691224,80.9884936492619
97.6,38.5,0,22.4501670372405,86.1689486389433
97.8,55.7,0,27.1906233838064,125.268225492582
91.8,23.9,0,32.4722958843381,60.2770040264827
91.1,42.0,0,28.9691214916849,93.958794061465
95.0,31.6,0,26.3734715196919,71.4276514895927
94.1,24.8,0,30.0308175046901,59.5924956950072
98.8,24.2,0,26.4401210284673,53.303462731363
94.3,22.4,0,31.148836254345,55.5956854911166
95.3,46.8,0,25.6189383074319,105.392424313747
87.4,28.3,0,34.6359639681069,70.2571555754142
86.4,41.9,0,33.6536773622141,93.2364931435999
115.7,8.8,0,31.4949202253316,7.84709900921374
96.9,25.2,0,27.4344673722673,57.35261212964
114.2,16.1,0,24.5936983798696,13.6407167562914
98.9,19.2,0,29.6285335445411,45.4102253016835
99.5,63.9,0,31.4874578205355,139.378968607752
87.9,35.2,0,32.4568944910014,81.4954207591212
98.6,28.4,0,24.3417337098244,61.5398240012289
97.3,36.9,0,22.9106961919537,82.2235708050905
84.8,37.4,0,35.2958921122558,85.7755967829162
87.1,45.4,0,33.3402159561092,99.3210607104402
87.8,35.4,0,32.5269119345812,81.869897645844
99.5,47.9,0,21.9695243462393,111.074959241993
77.9,44.8,0,42.3727506777646,96.5044481566569
89.5,33.5,0,31.1849322590254,77.9694039034621
96.7,53.5,0,26.9284236449147,120.087965696466
85.9,48.1,0,35.0488230900839,103.362206569942
91.6,44.1,0,28.6944245455454,98.2148175898793
91.1,52.0,0,31.2923313289375,112.549442442312
97.1,59.5,0,30.0775663909167,130.415337124268
82.2,46.6,1,38.3718646927667,99.9041832129738
95.7,24.4,0,28.8764610019995,57.3005388789981
78.1,76.7,0,55.7000897665345,131.214955282891
96.6,48.5,0,24.8959836118198,109.963444278501
92.4,35.2,0,28.014282071829,80.1341930569156
88.1,38.1,0,31.9565329784068,86.5914255775148
107.0,62.5,0,25.9855729203726,149.981632572391
84.6,12.6,0,44.7651650281779,52.2597240462598
102.7,16.8,0,28.9401105733893,36.7115130333481
89.1,26.9,0,33.5621810971814,67.0255702343234
90.9,37.7,0,29.1907519601671,85.4808622852935
94.8,41.9,0,25.2715254782928,94.3117619019824
96.5,38.4,1,23.5544051081746,86.105021831293
91.6,29.3,0,30.3488055778148,69.3555695369688
94.5,36.5,1,25.7390753524675,82.1847064532331
91.4,44.8,0,29.0,99.5272833814523
86.4,41.8,0,33.6481797427439,93.0664855011258
95.4,46.2,0,25.3692727526825,104.145795494103
92.2,31.2,0,29.1595610392201,72.434985312707
87.2,23.5,0,36.7163451340135,63.2953735094613
110.7,11.6,0,29.8839421763595,18.1317993792079
99.3,24.8,0,25.6813161656485,53.7101799900113
98.5,54.7,0,26.044961124947,124.361233390493
107.7,15.2,0,27.6826660565777,26.379928139485
91.0,51.0,1,31.0161248385416,110.772254682046
88.3,52.9,0,34.2242604010664,112.143376980052
90.0,51.5,0,32.1286476528347,110.973493421321
99.9,24.1,0,25.6284997610082,51.6544250460066
105.4,63.7,0,27.8361276042484,148.36552869031
109.9,17.2,0,24.93692041933,23.8925023080266
54.3,71.2,0,72.7319049661151,115.402381318771
92.4,44.1,0,27.902867236182,98.449538261193
92.5,52.1,0,30.0443006242449,113.749494492867
91.6,32.7,0,29.3231990069297,75.5846336649155
98.6,56.3,0,26.9007434841493,127.295880722487
91.5,50.0,0,30.2034766210779,109.334808537826
89.4,44.7,0,30.9588436476558,98.7320915900697
100.9,53.5,0,23.3893137992546,125.252909860893
99.3,39.9,0,20.7002415444845,89.7232109478233
99.2,42.1,0,20.9057408383439,95.7651345579724
96.2,57.0,1,29.2479059079449,125.537677791974
99.2,17.9,0,30.3488055778148,43.2642954110716
89.8,51.9,0,32.4599753542728,111.506410939992
100.0,36.4,0,20.3214172734089,79.7960262782683
90.9,35.1,0,29.5096594355136,80.4419189181601
95.2,49.6,0,26.5932322217515,111.161259816828
96.3,51.3,0,26.2560469225662,115.491491013192
84.8,41.9,0,35.2512411129027,93.0896716112519
91.9,20.3,0,34.3176339510754,54.9669467842169
84.7,49.9,0,36.6619693960922,105.666325371325
81.8,38.9,0,38.215834414546,88.3505773313256
97.1,60.9,0,31.0035481840386,132.385570403405
99.0,55.1,0,25.865227623201,125.717933582253
99.9,49.0,1,22.0229425826795,114.120983119443
94.2,45.1,0,26.2992395327317,101.181754210197
84.4,45.3,0,35.992360300486,98.4677945903645
85.3,35.3,0,35.0168530853359,82.2864185922789
102.1,14.4,0,31.2373174264373,34.961967340306
90.8,27.9,1,31.607752213658,67.4916866842169
99.8,35.8,0,20.6320139588941,78.254366574712
108.8,63.9,0,26.3941281348712,154.891307457262
112.4,17.1,0,24.1281992697342,18.3598561011564
94.1,45.6,0,26.4984905230468,102.200468727381
94.0,42.7,0,26.1398163727292,95.9286955462151
86.8,31.7,0,34.2217766926266,75.9637565320735
83.7,48.3,0,37.236809745197,102.879287278769
96.4,24.4,0,28.2899275361391,56.5346206536447
93.9,61.4,0,33.7515925550188,129.349127269801
116.2,12.4,0,27.8603661138902,7.83926333180542
97.6,26.9,0,25.9493737882054,59.6799891821019
98.4,48.9,0,23.3617208270281,112.393475163363
97.8,30.1,0,24.3074062787456,65.9657118405574
99.0,24.4,0,26.16027522791,53.3929251873925
86.2,32.2,0,34.6883265667285,77.0053832080835
96.7,40.5,0,23.3053641893878,91.2293344864778
88.1,40.3,0,31.9014106271181,90.5388158978834
85.7,34.0,0,34.8208271010325,80.0778065286678
105.4,13.6,0,30.1681951730626,28.9439234006016
96.7,17.2,0,32.5995398740534,45.6214049132359
97.1,59.2,0,29.8839421763595,129.977408818946
101.9,17.4,0,28.9546196659531,38.6907121235382
86.5,50.2,0,35.0184237223779,106.934318596781
96.1,42.7,0,24.0520269416114,96.4454180362597
104.6,73.3,0,36.6885540734437,155.181230443208
83.6,37.1,0,36.5153392425704,85.4448478307729
95.3,29.7,0,26.7615395670727,67.3636660154735
91.9,52.1,0,30.5944439400359,113.296952270259
90.1,34.1,0,30.4765483609939,78.8375466842193
97.5,46.4,0,23.392520172055,105.878107876058
95.4,32.0,0,25.8681271065379,71.9853060817948
98.6,31.7,0,22.9532132826757,68.8011938061654
88.0,40.1,0,32.0001562496185,90.1790487281408
93.7,52.7,0,29.2058213375347,115.775419679554
100.8,33.2,0,20.3686032903584,70.4975514933378
85.7,39.8,0,34.3005830854229,89.665917608252
91.5,40.4,0,28.5028068793233,90.804098496089
95.2,28.2,0,27.4641584615295,64.5545935034512
90.2,50.9,0,31.7308997666313,110.091095208406
104.0,8.7,0,35.1523825650552,27.0753054437036
87.6,39.2,0,32.4098750383274,88.5855767885974
88.9,41.2,0,31.1231425148554,92.2096734617438
91.9,43.2,0,28.2816194727247,96.4967983284172
95.4,55.8,0,29.2369629065674,122.711676836725
96.1,28.9,0,26.3518500299315,65.0881880721477
87.3,25.6,0,35.730239293909,66.2328922954184
94.9,34.8,0,25.6329865602898,78.2955351116936
98.6,49.5,0,23.4138847695123,113.937642584326
99.2,53.8,0,24.9615704634144,123.562743781092
100.3,19.2,0,28.6483856438718,43.4442008260723
98.4,58.3,0,28.3098922640126,130.272012181158
83.9,40.6,0,36.1049858052873,90.9521967519117
87.9,49.2,0,33.3923643966701,105.992533512265
99.5,26.1,0,24.7681246766888,55.8608146216373
99.6,19.7,0,28.7793328623163,45.1407755877591
95.9,25.1,0,28.3340784215757,58.273269714143
96.4,38.6,0,23.6414889548015,86.6050764578817
94.0,27.7,0,28.7626493911809,64.6822492812114
97.6,37.6,0,22.528204544526,83.8844964337146
95.7,56.6,0,29.4287274614449,124.338060023394
90.0,30.2,0,31.560101394007,71.9095106313078
96.2,34.3,1,24.4730463980274,76.531585111689
94.5,49.3,0,27.1429548870421,110.037210169193
100.1,36.1,0,20.2785601066742,78.9117135364392
88.3,44.8,0,32.0613474451714,98.6102939388276
94.0,29.8,0,27.9291961932312,68.5795408807901
86.5,31.5,0,34.5615393175709,75.7627195342389
100.3,19.0,0,28.7939229699602,43.1705356651526
117.8,8.8,0,31.2774679282067,4.0334110727702
93.2,31.0,0,28.2708330262835,71.4368729132545
92.7,35.4,0,27.6848333930331,80.4356070338371
94.7,21.7,0,31.224669734042,54.121025994532
94.0,50.7,0,28.1156540027082,112.369050552289
91.9,46.1,0,28.7544779121444,102.247842351461
95.5,61.9,0,32.8612233491086,131.792814532721
88.7,27.3,0,33.7783954621885,67.9151062872612
89.0,38.7,0,31.0272460911374,87.5986807440274
94.1,23.0,0,30.9808005061199,56.7202801902893
91.3,33.6,0,29.404931559179,77.4289231878469
84.4,41.8,0,35.6454765713688,92.8945126923577
90.1,34.3,0,30.4384625104489,79.2068968797769
94.1,37.1,0,26.061849512266,83.611252520364
94.3,41.4,0,25.7381040482783,93.1180890020452
99.5,69.1,0,35.5957862674783,144.836554505439
100.1,62.5,0,30.0376430500131,138.509026588617
89.0,55.7,0,34.7489568188744,116.860007539348
94.6,13.6,0,36.6349559846876,43.8940412477115
88.2,45.3,0,32.2386414105806,99.4623222080256
88.9,29.3,0,32.8892079564103,71.0141471978594
103.8,17.1,0,28.0508466895386,35.2764887290284
93.2,34.3,0,27.3994525492755,77.9928734121613
107.3,15.0,0,28.0408630395001,26.9305695326527
92.8,37.5,0,27.3146480848647,84.7485981781494
95.6,22.4,0,30.085212314358,54.1966558916289
92.3,35.0,0,28.1476464380239,79.7679793954322
94.3,53.1,0,28.8461435897418,117.00919561019
90.1,37.2,0,30.0308175046901,84.6501111133102
100.1,17.4,0,30.1126219383168,41.3649179589649
87.8,40.0,0,32.2,90.0
86.4,30.8,0,34.8367621916848,74.6871816391937
89.6,30.0,0,32.0024999023514,71.7915155294192
113.7,14.7,0,26.0725909721301,13.982945083753
92.6,30.7,0,28.9352725924606,71.2519626020573
98.0,47.1,0,23.1173095320368,107.88630559706
90.5,26.9,0,32.2778561865561,66.0555342332303
85.1,53.3,0,37.3483600710928,110.861284654524
90.8,50.9,0,31.1680926589998,110.469983279782
87.2,23.3,0,36.8066570065797,63.0172470164366
117.4,65.2,0,25.3337719260279,174.109373583796
95.2,15.5,0,34.8610097386751,45.3486515556761
90.4,56.1,0,33.6952518910306,118.542605861219
92.6,61.4,0,34.7666506871168,127.990615743379
95.7,24.8,0,28.6623446354272,57.9734275253111
102.4,13.2,0,32.0624390837628,33.2935632708467
108.0,72.8,0,34.9262079247089,159.904768808095
91.1,39.6,1,28.9027680335293,89.207029463764
84.4,30.4,0,36.8716693411079,74.9084273214051
95.7,38.0,0,24.3821656134151,85.2949030227338
86.9,26.4,0,35.7850527455249,67.6634093837312
86.7,32.5,0,34.1341471257156,77.3073344548821
93.3,24.4,0,30.9232921921325,59.7035518237616
89.9,37.9,0,30.1731668871532,86.0090869015702
101.5,44.5,0,19.0394327646598,103.671307132196
100.4,50.2,0,22.0952483579615,117.49283695154
87.3,27.4,0,35.0435443412906,68.9272733800495
89.4,35.2,0,30.9741827979367,81.0850730428521
101.9,44.3,0,18.6037630601983,103.363964001372
96.1,53.8,0,27.598007174432,120.002388684521
105.4,17.4,0,26.9057614647867,32.8631755447077
90.6,55.2,0,33.09682764254,117.339271342006
88.6,46.4,0,32.0455925206572,101.520319947711
90.7,26.8,0,32.1361167535843,65.7478665821369
97.9,55.3,0,26.8793601114312,124.695153531234
106.1,3.4,0,39.1506066364239,20.7958467829579
80.6,36.5,0,39.5551513712184,84.9235983951311
115.2,63.0,0,23.4955314900515,168.211816700892
110.7,13.3,0,28.2733089680002,19.2039735055
89.7,44.2,1,30.5897041502529,97.8917024282357
94.9,37.1,0,25.2669744924081,83.4093912318511
94.7,39.7,0,25.3017785936088,89.3206352445346
95.3,31.4,0,26.1543495426669,70.8029998945442
89.1,34.3,0,31.4213303346628,79.5483670560113
99.5,37.0,1,20.7183493551007,81.6743496695732
91.2,17.6,0,36.4856136031724,52.1250163489018
92.8,43.2,0,27.3875884297979,96.7098368077569
94.6,46.1,1,26.122212769978,103.504264516515
91.3,41.3,0,28.7294274220702,92.5935064447889
95.2,35.9,0,25.1366266630986,80.6126231769787
84.4,25.8,0,38.3275357934736,68.2541096624665
93.8,22.0,0,31.7874188949024,55.5100433692686
94.0,33.4,0,26.8246155610849,75.7565394264522
89.1,41.5,0,30.9363863435922,92.7791668640722
91.7,39.5,0,28.3044166164929,88.9878123860174
87.6,40.3,0,32.4013888591215,90.5305013166735
98.5,41.6,0,21.55945268322,94.2560267254836
86.8,42.2,0,33.2728117236882,93.7911656873652
93.6,50.3,0,28.3381368477181,111.313318322656
95.5,26.2,0,28.1192105152332,60.6089478676723
96.6,34.4,0,24.0607564303369,76.541315391385
91.2,43.0,0,28.9558284288328,95.9468630539735
97.5,46.6,0,23.448027635603,106.348171547351
92.7,38.7,0,27.3309348541172,87.2736890060936
88.8,26.9,0,33.8385874409675,67.2238387008067
100.9,53.2,0,23.2174503337468,124.648330512908
95.1,43.0,0,25.0800717702322,96.8699923082143
97.9,37.5,0,22.2409532169824,83.5460134096466
95.1,24.8,0,29.1727612680048,58.5983653771867
94.1,37.9,0,25.9849956705788,85.3645365730974
101.0,41.8,0,19.0850727009357,95.411869152317
100.4,30.0,0,22.0036360631601,62.969139740157
95.6,35.0,0,24.907027120875,78.4193808177719
99.7,25.2,0,25.1223008500416,53.9055552033173
98.5,49.9,0,23.6698119975635,114.724421391009
98.0,53.7,0,25.9169828490895,121.911647865104
97.5,50.9,0,25.0011999712014,115.847610220596
90.7,48.8,0,30.5929730493785,106.717182799316
94.4,34.3,0,26.2268945931462,77.4474967671733
94.7,50.7,0,27.4696195823677,112.924712200427
87.3,29.3,0,34.4061041095908,71.8810173463664
87.7,32.0,0,33.2759673037464,76.0890386491283
96.1,34.1,0,24.6174734690626,76.1331031705055
109.6,75.7,0,37.1840019363166,163.758285753454
101.2,18.3,0,28.7111476607954,40.9043295651866
89.2,28.2,0,32.983025937594,69.0373201634358
94.2,52.2,0,28.5390959912889,115.307978761263
89.5,52.0,1,32.7757532331448,111.47679097954
96.8,20.7,1,30.1783034645753,50.2430464433834
88.8,38.5,0,31.2360368805007,87.2475145997313
98.5,28.5,0,24.3823706804732,61.8583987677383
86.8,24.3,0,36.7250595642812,64.690927912155
93.1,30.3,0,28.5954541841881,70.1709600370414
108.0,3.9,0,38.042213395122,18.3873214195004
97.7,38.2,1,22.3725277963846,85.3852334221115
88.8,49.6,0,32.6435292209651,107.102728969052
85.2,35.2,0,35.1294748039307,82.1466866980218
92.4,48.2,0,28.7923600977759,106.546760816181
87.7,50.9,0,34.0895878531847,108.64754814225
97.3,58.8,0,29.4742260288544,129.631344671583
95.3,27.8,0,27.5486841791037,63.7139845041036
98.5,58.3,0,28.2336678453225,130.403192470291
101.2,21.4,0,26.4461717456421,45.3063916222707
90.3,40.8,0,29.7107724571409,91.5429475708197
92.1,53.3,0,30.9079277856022,115.487254830763
85.2,35.3,0,35.1159507916274,82.3083183320908
92.6,30.8,0,28.9032870103039,71.4396776802149
100.6,61.1,0,28.6630424065555,137.403597037794
95.5,57.0,0,29.8202951024969,124.755912553541
101.6,30.3,0,20.8002403832263,62.2029714202823
98.6,52.4,0,24.7329739416836,120.089686238777
98.8,28.4,0,24.1660919471891,61.3138524262606
105.6,66.4,0,30.07191380674,151.389540334035
87.5,33.2,0,33.203764846776,78.1824395252612
92.1,33.2,0,28.7167198683972,76.3024945250881
85.9,54.9,0,37.2131697118104,113.602929457641
79.5,38.3,0,40.535663310226,87.5964029622065
101.3,52.4,0,22.437691503361,123.548421882498
94.8,30.4,0,26.9666460650931,69.1455419604216
97.4,50.4,0,24.8781028215577,114.71079946223
112.3,16.7,0,24.5393561447728,18.2872796150619
90.8,28.1,0,31.5317300508551,67.8274216336679
86.7,33.1,0,34.0073521462639,78.2935632708467
98.0,25.9,0,26.1306333639275,57.3438205108237
100.8,18.1,0,29.1247317584214,41.241444314528
86.7,36.2,0,33.5161155267134,83.4899036398844
100.1,41.0,1,19.9251097863977,92.8767650703006
95.1,44.5,0,25.3033594607515,100.244087446459
85.0,45.0,0,35.3553390593274,98.130102354156
93.5,24.6,0,30.6497960841504,59.8377549678185
91.0,30.6,0,30.4854063446758,72.0405239095258
96.0,30.4,0,25.8487910742456,68.1985905136482
98.5,25.5,1,25.9326049597799,56.0035408517495
94.6,50.2,0,27.3715180433969,111.879151337575
92.3,40.9,0,27.714617081966,91.860941066013
94.1,26.4,0,29.2535467935087,62.296191857547
87.3,39.9,0,32.7001529048413,89.8247840950952
92.9,41.0,0,27.1184439081596,92.1132765823914
95.6,53.4,0,27.8373849346522,118.774724638822
89.2,53.7,0,33.7094942115719,113.97974673897
84.4,27.4,0,37.7640040249971,70.5094694920246
93.1,43.0,0,27.0667692937299,96.3635682356422
91.7,24.5,0,32.26670110191,61.2903392319252
98.9,51.6,0,24.0784135690041,118.800368746816
84.3,29.5,0,37.2120948080056,73.6104596659652
75.4,44.2,0,44.7973213484914,95.3797015991254
89.9,42.3,0,30.1877458582121,94.369591648399
93.7,31.2,0,27.7331931086199,71.4997196438036
87.8,43.3,0,32.3686576799224,95.8514985515916
97.4,24.2,0,27.5753513123586,55.0420236355295
97.2,45.4,1,23.43074902772,103.324531261891
99.5,32.7,0,21.7609742428964,70.3993095707768
87.2,36.6,0,32.9757486647385,84.0819396478923
96.4,50.7,0,25.9123522668244,114.389056254087
98.6,53.9,0,25.5180328395431,123.005041934817
80.7,41.6,0,39.3325564895037,92.3313650867346
87.5,33.4,0,33.1633834220817,78.5206541240345
94.7,43.7,0,25.5691220029159,98.3202425173695
89.3,4.6,1,46.8577634976319,40.9328637417517
91.5,28.2,0,30.8462315364454,67.5087288548961
99.3,62.8,0,30.7949671212684,137.763857370913
90.9,37.5,0,29.2071908953942,85.0897387784174
104.7,16.9,0,27.7073997336452,33.5180086452519
86.7,34.5,0,33.7511481286193,80.6214026902666
83.0,46.6,0,37.584039165582,100.113952145792
90.4,33.5,0,30.3052800680013,77.6147390401108
93.0,35.5,0,27.372431386342,80.5376777919744
92.8,30.1,0,28.9456387043022,69.9999820914857
92.7,53.1,0,30.2803566689694,115.63418246129
89.6,34.0,0,30.9864486509829,78.8351198224514
92.6,27.5,0,30.1166067145686,65.4773206476446
91.4,30.9,0,30.0128305895995,72.3498757800699
94.4,32.8,0,26.5932322217515,74.2913621709843
96.1,24.6,0,28.4318483394942,57.2042329859335
85.5,44.9,0,34.8462336558774,98.0835960498294
95.9,34.3,0,24.7648945081541,76.6932422189308
95.2,49.1,0,26.4168506828501,110.149879018449
96.8,27.9,0,26.1658173959844,62.4556291685825
90.8,27.7,0,31.6848544260503,67.1575742698679
84.5,41.8,0,35.5456045102626,92.9026523250786
95.7,26.7,0,27.701624501101,61.3070054163131
80.0,43.4,0,40.1442399355125,94.8584629190344
91.1,51.4,0,31.0671852603354,111.527432951682
90.2,49.3,0,31.2174630615622,107.332126766312
101.4,34.1,0,19.513328778043,72.4007488228724
101.0,57.6,0,25.8990347310474,132.809426135962
80.0,33.6,0,40.5087644837509,80.9097230791776
89.5,59.9,0,36.4178527648185,123.122801116122
98.5,55.0,0,26.2154534578367,124.902495615925
91.3,34.8,0,29.1672761841074,79.7302935326625
101.6,18.0,0,28.6803068323894,39.907884875501
97.5,54.7,0,26.87638368531,123.157923884672
94.1,28.9,0,28.1783604916965,66.8014094863518
94.5,50.7,0,27.6539328125314,112.763303317536
92.1,22.6,0,32.881149614939,58.0500285536669
83.1,46.1,0,37.4008021304357,99.386767377737
100.8,27.5,0,22.9104779522384,56.9341959250586
91.0,56.4,0,33.316062192282,119.488907812273
80.7,24.2,0,42.3571717658297,68.0981157731278
85.4,47.4,0,35.3824815410112,102.072137346836
91.8,28.3,0,30.5308041164985,67.4667499209958
99.2,25.3,0,25.4701786409126,54.7499754619617
95.5,25.9,0,28.2676493539877,60.0791339749611
86.9,45.5,0,33.5538373364359,99.434249804827
100.0,56.8,0,26.1197243477032,130.03025927189
99.7,58.6,0,27.532707821789,132.497663548647
93.1,44.7,0,27.307508125056,99.9107448001547
93.3,32.5,0,27.733373397407,74.3100070709161
101.7,40.6,0,18.3098334236006,91.8778774472854
96.8,56.2,0,28.2962895094039,124.925667269897
85.5,31.2,0,35.6046345297912,75.6905498448498
111.7,8.9,1,32.1885072657929,14.9428832135084
101.5,15.0,0,31.100643080168,36.5014411205063
105.6,14.4,0,29.3720956010973,29.3577535427913
95.2,54.3,0,28.6274343943009,119.968303914764
85.9,36.7,0,34.2593053052744,84.4724598483439
100.2,45.6,0,20.5766858361593,105.792403528857
96.5,48.6,0,25.0241882985243,110.100475656834
85.3,35.1,0,35.0442577321877,81.9623846995143
82.9,31.0,0,38.1760396060147,76.3641652451677
88.4,33.0,0,32.3660315763301,77.5095942820908
107.8,15.8,0,27.1012914821416,26.7541454724218
91.6,42.1,0,28.4775350056848,94.22896343989
96.1,40.9,0,23.916939603553,92.1565626747147
99.6,22.5,0,26.8776859122954,49.3755835727507
94.3,48.1,0,26.9462427807663,107.493553599901
86.6,45.8,0,33.8998525070538,99.8513273428081
95.1,38.6,0,24.9393263742227,86.7819387162057
95.0,35.0,0,25.4950975679639,78.6900675259798
98.6,38.3,0,21.4674171711457,85.4580043197333
89.3,29.9,0,32.3187252223846,71.7892996583017
94.7,43.2,0,25.501568579207,97.2086190806873
98.8,24.8,0,26.0860115770886,54.3601908019133
89.6,43.3,0,30.5785872793365,96.1953489859901
98.1,42.0,1,21.99113457737,95.2180171235751
96.0,45.8,0,24.6908890078911,103.585991207889
98.6,42.3,0,21.5232432500309,96.1344099439238
90.9,45.0,0,29.5264288392619,99.7494367399504
99.0,14.9,0,32.7262891266333,39.9176518951402
99.9,27.1,0,23.8834670849942,57.3080158174279
97.7,30.2,0,24.3583661192618,66.2763415700957
93.4,42.1,0,26.6827659735643,94.5139884580013
95.7,23.4,0,29.4287274614449,55.661939976606
96.5,39.3,0,23.5104232203506,88.2938217055531
94.3,40.9,0,25.7157539263386,92.0056473713884
93.5,41.6,0,26.5482579466149,93.4551733677194
95.6,46.2,1,25.1753848034146,104.25703535965
90.4,45.4,0,30.0885360228775,100.338910542941
97.7,48.3,0,23.7945371881867,110.415131141888
95.6,40.8,1,24.4131112314674,91.8778774472854
99.1,44.3,0,21.3377599574088,101.625898643309
105.4,62.9,0,27.1582400018852,147.480265687854
98.2,23.1,0,27.5835095664058,52.2161065416532
98.6,41.0,0,21.4233517452335,92.6754266560292
50.5,47.9,0,69.9475517798872,96.4849234355766
101.0,25.5,0,23.9008368054342,52.6506509553594
93.4,38.2,0,26.6608326951729,86.1287437680143
97.4,41.1,0,22.6267540756512,92.7865335694932
95.5,48.4,0,25.9,108.924644416051
92.7,46.0,0,27.9515652513415,102.395406833758
90.8,35.5,0,29.5447118787779,81.2390935845245
94.6,47.2,0,26.4007575648882,105.826154076173
100.8,54.8,0,24.2421121192028,127.62623363867
96.3,45.9,0,24.4233494836396,103.979345989596
88.2,41.6,0,31.8402261298503,92.8803775528476
84.6,11.4,1,45.5095594353538,51.064922445448
102.2,63.4,0,29.4006802642388,142.740341158838
91.6,34.8,0,28.8721318921897,79.6241550799489
95.6,36.7,0,24.6221445044903,82.2977157337338
90.0,45.2,0,30.4473315743761,99.8335639642071
98.0,49.5,0,23.9635139326435,113.355564859286
81.2,49.5,1,39.9460886696057,103.757941930992
99.7,54.9,0,25.1813422994089,126.278302202018
79.5,23.6,0,43.6945076640074,67.9550910042316
97.3,38.9,0,22.726636354727,87.2257226886991
96.0,32.5,0,25.1445819213603,72.6459753637387
82.7,43.1,0,37.428598691375,94.7509290706744
90.0,35.7,0,30.3065999412669,81.8431613997617
95.2,52.1,0,27.5943834864996,116.007897463465
87.2,27.8,0,34.9954282728473,69.5972541591229
87.1,45.8,0,33.4073345240233,99.9980446915161
93.2,32.6,0,27.8028775489157,74.5641381125332
86.7,46.9,0,34.0073521462639,101.706436729153
101.3,63.2,0,29.7981543052586,141.129988047189
94.4,58.2,0,31.4101894295466,125.410448290852
85.7,49.6,0,35.6181133694641,105.636050309346
95.1,49.5,0,26.6507035554411,110.883158544531
85.2,44.8,1,35.1294748039307,97.8533133019782
88.0,27.5,0,34.3547667726038,68.6631407081944
86.5,46.6,0,34.143959934372,101.145384449922
96.2,32.6,0,24.923884127479,72.7282574223191
97.7,21.8,0,28.7841970532443,50.7806197214454
94.4,39.5,0,25.6048823469275,88.8810840694328
95.7,28.4,0,26.9267524963557,64.4817651773254
92.0,23.5,0,32.5,59.4897625938845
100.1,39.9,1,19.9002512546953,89.7120839334429
91.0,29.4,0,30.8765283022557,69.9217705225852
90.9,27.9,0,31.5153930643424,67.4220894839387
76.1,41.6,0,43.9291474991264,92.0873049727765
76.1,46.0,0,44.3081256656158,97.7826377945192
75.9,41.0,0,44.1113364114034,91.2990014116609
104.5,64.3,0,28.8225606079682,147.467822336213
92.0,47.4,0,28.9613535595283,104.80398015627
96.9,47.4,0,24.256339377573,107.762669356368
95.6,28.3,0,27.0601182554696,64.3819002696955
93.9,50.5,0,28.1328988908004,111.914866327192
87.8,50.5,0,33.8687171295282,108.060471936199
97.6,18.1,0,31.3268255653202,45.6466517691289
98.0,54.3,0,26.2390929721284,123.023867555797
96.4,24.3,0,28.3451935960931,56.3659948626972
90.5,42.7,0,29.6233016390814,95.2294507734911
100.5,29.3,0,22.2427516283395,61.2456330454743
95.4,33.0,0,25.5765517613301,74.1161462660789
83.6,39.1,0,36.4111246736489,88.5836346904521
98.6,32.3,0,22.7431308310883,70.210604992321
94.3,48.9,0,27.1974263488294,109.101148793105
87.5,36.3,0,32.7099373279742,83.5050597322956
95.3,45.2,0,25.2414341906319,101.888658039628
95.9,53.9,0,27.8212149267425,119.974778420551
92.8,33.7,0,27.9200644698396,76.9592389661034
89.5,42.5,0,30.6022874961987,94.6858998395027
76.7,34.6,1,43.6354213913421,82.891270114421
97.5,36.4,0,22.7861800221099,80.9097230791777
93.2,48.3,0,28.0558371823049,107.207831172074
91.6,44.9,0,28.8196113783653,99.7891628128764
92.2,29.8,0,29.6121596645702,69.8515858597122
93.8,37.8,0,26.2922041677757,85.2001638860953
86.7,58.0,0,37.8535335206636,118.393019421383
91.1,54.5,0,32.3335738822667,116.644298401112
96.9,40.9,0,23.1175258191702,92.2311746080313
93.6,29.9,0,28.2660573833706,69.0643609669475
87.0,48.7,0,34.1275548494175,104.769198530292
86.4,38.9,0,33.6180011303468,88.1249150168666
93.5,31.0,0,27.9866039383131,71.2413496521578
98.0,44.5,0,22.4555115728856,101.560130794218
87.3,33.2,0,33.3995508951842,78.2527036584591
99.2,38.0,0,20.8959326185744,84.5076754428725
99.1,55.7,0,26.1400076511083,126.913735265073
89.3,45.2,0,31.1372766953053,99.6135778743736
89.6,36.3,0,30.6243367275113,83.0606315377014
89.4,60.1,0,36.6110639015039,123.299420537184
87.5,47.3,0,33.3097583299549,102.65940678502
90.0,37.5,0,30.1039864469807,85.2363583092739
93.7,44.0,0,26.6024434967918,98.6479129512869
88.6,39.4,0,31.4057319609017,88.9053094081471
97.4,33.9,0,23.4087590444261,74.8951508874243
95.4,47.5,0,25.7178926041773,106.955313052025
81.9,25.1,0,40.9099010020802,68.6407189378549
85.5,49.5,0,35.7840746701658,105.395549253995
82.5,38.9,0,37.5161298643663,88.3198055950724
83.7,47.6,0,37.0870597378654,101.825004929292
95.5,60.6,0,32.0095298309738,130.057670895247
78.6,44.0,0,41.5927878363545,95.5186941150562
87.9,48.6,0,33.2320628309469,104.998053061464
91.4,53.1,0,31.4574315544038,114.609766886487
85.5,42.0,0,34.5579223912549,93.3177811683349
111.0,62.8,0,24.5120378589786,158.459024081462
79.3,41.0,0,40.7122831587716,91.4074755315001
85.9,43.3,0,34.2593053052744,95.5275401516561
87.8,42.5,0,32.296903876378,94.4395239988946
99.1,34.5,0,21.6115709748274,75.2564371635293
94.5,33.0,0,26.4433356443547,74.6498635075756
80.4,34.8,0,39.9399549323732,82.5191138204763
95.8,57.3,0,29.7477730258922,125.560067700766
104.8,13.3,0,30.7234438173848,29.6523569050027
107.6,62.7,0,25.8660008505374,151.354183486
87.7,39.0,0,32.3154761685481,88.2267032844392
91.2,38.7,0,28.8293253476386,87.4154865540345
89.8,55.0,0,33.7200237247841,116.413073338514
76.3,32.3,0,44.3731901039355,80.0069799317731
96.5,26.3,0,27.2018381731823,59.7587244607565
77.9,38.8,0,42.1170986655064,88.3673082082256
90.7,40.8,0,29.3109194669836,91.5640013098322
95.3,17.2,1,33.6144314246129,47.2906100426385
113.8,62.7,0,23.5314682924802,164.723526180707
82.1,36.2,0,38.0900249409212,84.2744393133338
97.2,54.2,0,26.8603797441511,121.914940063768
89.5,44.4,0,30.8157427299749,98.2089858924461
113.9,7.5,0,33.0675067097597,10.6302991139508
92.7,24.9,0,31.1977563295824,61.0524240071566
101.0,48.2,0,20.6939604715965,113.344010961578
89.5,16.4,0,38.5643617864992,52.2683532285534
81.0,34.6,0,39.372071319655,82.1168606832702
100.2,50.9,0,22.601991062736,118.833005712984
86.7,20.2,0,38.7418378500556,59.2645122980799
81.6,38.9,0,38.4157519775417,88.3591633658321
114.0,15.7,0,25.0297822603394,13.869686438505
88.2,47.6,0,32.6955654485436,103.441204837099
99.5,29.6,1,22.9871703347759,63.1005414556788
89.4,37.1,0,30.7371111199475,84.5861774270873
84.4,44.4,0,35.8708795543126,97.0457691248675
91.0,36.5,0,29.2104433379571,83.1182763693631
97.3,38.0,0,22.7879354045074,84.9649153205433
87.6,44.7,0,32.7391203302716,98.2538511455624
94.0,29.8,0,27.9291961932312,68.5795408807901
85.5,29.8,0,35.976242160626,73.5295715603914
95.9,61.2,0,32.0975076914081,131.337056707233
100.5,24.9,0,24.6629276445437,52.2472688934877
87.6,39.4,0,32.4055550793379,88.9390883097362
91.7,36.1,0,28.5674640106538,82.1535378016018
93.5,42.2,0,26.5911639459426,94.7457479438024
95.6,54.6,0,28.4344861040252,120.894642235665
100.8,27.8,0,22.7481867409251,57.5674427535407
82.1,41.7,0,37.9381074910175,92.5682738885123
97.1,44.4,0,23.3188764737926,100.876246883131
91.3,57.4,0,33.5626280258266,121.227250850063
87.1,26.2,0,35.6770234184412,67.2442462220935
91.9,59.0,0,33.9206426825908,124.064850599301
85.9,50.8,0,35.76940033045,107.573803900012
94.6,36.4,0,25.6538496136545,81.9330682702069
97.6,58.4,0,28.9882734911895,129.400660663479
111.2,66.0,0,27.4488615428764,161.301017195819
89.7,29.7,0,32.0028123764147,71.2253568597654
90.2,46.0,0,30.3980262517157,101.383862471072
87.8,38.6,0,32.2304204130198,87.5104470780009
93.3,57.6,0,31.9788992931277,123.391913515552
92.8,26.5,0,30.3659348612882,63.6037135175147
87.0,53.4,0,35.6168499449348,112.100133471534
84.9,51.0,0,36.7832842470598,107.400485686338
106.8,16.0,0,27.390509305232,28.8107937429731
99.5,13.0,0,33.9005899653679,37.2079219217816
83.5,49.1,0,37.61728326182,103.999302287028
95.1,24.9,0,29.1207829565072,58.7663006854663
93.5,26.1,0,29.924237667817,62.3217180259196
103.1,15.4,0,29.8457702195805,34.4887487763696
94.3,55.3,0,29.9095302537502,120.766638802275
99.2,29.0,0,23.5295558819116,62.1280474735967
100.4,50.8,0,22.378561169119,118.855661219717
77.1,29.0,0,44.2878087062343,75.6186054089094
81.7,39.8,0,38.3005221896517,89.7008080484068
98.7,46.4,0,22.2407284053378,106.723919417444
90.0,38.3,0,30.0481280614949,86.7567077172238
98.4,47.9,1,22.9993478168404,110.089525009321
93.9,52.5,0,28.938901153983,115.591028209991
98.5,31.1,0,23.2692930704824,67.5127200902096
95.6,46.7,0,25.30316185776,105.354418048201
97.2,24.2,0,27.739502518971,55.2787198041323
91.9,22.0,0,33.3707956153281,57.3576188060819
96.0,26.8,0,27.390509305232,61.1892062570269
84.6,49.8,0,36.7314579073578,105.474012688758
84.1,44.9,0,36.2328580158949,97.7722879300745
98.6,47.8,1,22.7771815640127,110.026089094117
89.8,33.7,0,30.8501215556762,78.2165594672449
90.8,53.7,0,32.2541470201895,115.134940431249
110.2,14.8,0,27.0384910821592,21.2505055071332
99.1,3.5,1,42.0601949591297,29.7955705607862
107.3,16.5,0,26.712169511292,28.3879196635404
95.1,45.9,0,25.5894509515152,103.330264853337
97.2,45.0,0,23.3418079848156,102.369061525926
90.7,55.3,0,33.054197917965,117.572856746575
98.3,28.3,1,24.6531945191693,61.667763039627
96.1,39.0,0,23.9209113538761,87.6040845496783
95.7,25.3,0,28.4003521104933,58.8286509722802
90.5,42.0,0,29.567718883945,93.8785245028477
88.2,44.3,0,32.0894063516295,97.7008339421467
95.4,33.4,1,25.4699823321493,74.9816393688493
88.6,36.2,1,31.6291005246751,83.0996718307227
94.7,30.5,0,27.0248034220418,69.4191406721745
99.9,44.3,0,20.5548047910945,102.075288583194
91.0,33.8,0,29.6553536482032,77.9322310413467
86.4,36.9,0,33.7427029148526,84.7287053220215
57.6,43.9,0,62.5217562133374,93.5763343749974
89.4,54.2,0,33.734255586866,114.893765201641
99.0,17.2,0,30.9974192474148,42.6467031338917
86.7,45.5,0,33.7511481286193,99.3785973097334
99.2,52.3,1,24.1646435934818,120.597784209334
87.3,24.7,0,36.1023544938554,64.9255806581843
118.4,63.7,0,23.7539470404394,176.137790946135
84.5,24.3,1,38.8167489622714,66.1424207843486
100.9,25.3,0,24.1018671475884,52.4169137191384
95.5,22.2,0,30.2834938539132,54.0004468503955
91.3,49.0,0,30.078065097343,107.410843121715
93.4,25.0,0,30.5378453725864,60.5809238482516
85.6,35.9,0,34.6434698031245,83.2032050776247
93.2,26.7,0,29.9187232347906,63.6062361437698
94.0,47.3,0,27.0053698363862,105.68310779639
94.0,29.2,0,28.1538629676284,67.4427533652944
92.8,29.1,0,29.3027302482209,68.1622814060162
99.4,20.6,0,28.2969963070288,46.7183580016555
85.3,37.4,0,34.7972700078613,85.7149515414644
92.0,48.2,0,29.1760175486649,106.323046229056
91.6,45.4,0,28.9088221828562,100.765755544743
97.5,36.1,0,22.8354986807821,80.1664360357929
103.1,67.6,0,32.3630962671992,148.520079238162
95.9,35.0,0,24.6132078364442,78.2791885011905
97.0,13.6,0,35.0137115998861,41.0627748351759
76.2,29.8,0,44.9719912834644,76.8907918018457
98.2,22.8,0,27.768327281275,51.7268840490013
99.1,54.4,0,25.3805043291106,124.566655860895
90.5,50.5,0,31.3129366237024,109.592281891052
89.3,41.6,0,30.7416655371826,92.9834000322281
96.1,45.7,0,24.5703072833858,103.414102496133
100.8,44.7,1,19.7668915108067,103.755039445995
94.0,37.7,0,26.101532522057,84.9446864819458
92.2,40.7,0,27.808811553175,91.4423946974919
98.7,26.1,0,25.4342289051585,56.8722503139845
91.5,53.0,0,31.3249102153542,114.519642688191
100.9,59.7,0,27.439023306233,135.885946593854
90.5,52.9,0,32.1972048476261,113.619188191459
101.1,30.8,0,21.0202283527083,64.0444553995972
95.4,48.8,0,26.1266147826311,109.683327546441
89.6,57.0,0,34.8304464513448,119.214379980268
94.0,44.8,0,26.4393645914572,100.459909092929
89.8,36.0,0,30.4637489485454,82.4550709612432
81.8,43.2,0,38.3337970986439,94.7884665503137
101.1,29.3,0,21.7186555753343,60.4841697139157
84.2,39.1,0,35.8113110622887,88.5599066382041
113.1,17.5,0,23.5342303889462,17.0490309721098
105.7,15.4,0,28.4543494039136,30.1694717162537
87.4,26.5,0,35.2846992335205,67.5050439003202
100.5,37.3,0,19.6860356598275,82.1168606832702
82.0,43.0,0,38.1182371050918,94.5139884580013
93.2,45.9,0,27.4417565035477,102.415575090733
97.8,38.8,0,22.2324087763787,86.905941941083
98.9,58.6,0,28.1277443105557,131.39671136346
97.3,17.3,0,32.1026478658693,45.0
99.7,35.7,0,20.7504216824623,78.0402377780693
97.0,51.9,0,25.8961387083094,117.356652335865
95.1,56.6,0,29.9260755863511,123.69006752598
106.4,9.9,0,33.0298349980741,24.3147487815411
87.0,29.5,0,34.6301891418456,72.3498757800699
99.2,26.9,0,24.5814971065637,57.796960725595
89.4,42.4,0,30.6939733498288,94.4846060095446
89.7,49.1,0,31.6370036507884,106.716590821267
91.9,53.1,0,31.0035481840385,114.994564648555
88.0,28.4,0,34.0376262392077,70.0744193418157
85.8,31.7,0,35.1927549362081,76.3586212627086
97.7,32.8,0,23.4335229959134,72.1062907542957
96.4,25.5,0,27.6985559190366,58.433152273546
87.8,44.1,0,32.4599753542728,97.2563782421887
95.0,50.8,0,27.2330681341637,113.36434447606
99.1,52.9,0,24.5605374534028,121.683916950893
100.2,40.3,0,19.8022725968511,90.8680514497454
88.0,47.6,0,32.8901200970747,103.360218444764
100.9,50.4,0,21.7478734592603,118.56840772525
91.7,48.4,0,29.5203319764531,106.531930622747
100.1,56.8,0,26.0432332862108,130.171763320279
93.3,29.9,0,28.5464533699022,69.2795147003089
91.1,49.9,1,30.5486497246605,108.909437184829
100.9,31.1,0,21.0717820793591,65.0159596028827
93.7,45.8,0,26.931951284673,102.436506895702
82.7,49.6,0,38.5155812626526,104.433122242812
93.0,36.1,0,27.2802126091422,81.7807907511009
98.1,43.4,0,22.1623554704819,98.824784209109
97.4,56.1,0,27.7483332832803,125.465668052537
93.4,61.5,0,34.2024852898148,128.947592854335
99.5,24.3,0,25.8213090295593,52.5531697750292
90.9,57.0,0,33.7017803684019,120.293149533246
108.0,64.6,0,27.3707873470969,153.996654155489
94.0,31.9,0,27.2325173276361,72.6961797579113
82.4,38.6,0,37.6260548024903,87.8676315634459
81.5,38.1,0,38.5468546057911,87.17470824163
94.7,22.0,0,31.0497987111028,54.5695773794734
101.1,31.0,0,20.9334660293034,64.5366549381284
93.6,33.0,0,27.3122683056534,75.1496617010158
92.2,44.3,0,28.1305883336982,98.792618289818
87.0,34.0,0,33.5410196624968,79.695153531234
91.7,50.2,0,30.0820544511175,109.820381087475
91.2,48.5,0,30.0281534563816,106.443379614855
98.0,22.5,0,28.1113855937412,51.4993462796546
95.5,48.7,0,25.9988461282419,109.550054325048
86.6,39.8,0,33.4005987970276,89.6569156004758
88.9,50.9,0,32.9548175537356,109.314661331313
97.1,40.2,0,22.9008733457919,90.5003870987926
94.3,37.1,0,25.8631011288283,83.5619504850016
99.9,20.6,0,27.9351033647631,46.0152619716711
93.7,53.6,0,29.6082758701009,117.343948834864
87.0,36.0,0,33.2415402771893,83.0887728809753
115.0,17.7,0,22.8536649139695,12.6375798224518
84.3,39.2,0,35.7089624604244,88.7162758135435
110.7,62.5,1,24.3462522783282,157.543061000058
100.7,32.6,0,20.6700266085944,69.0221927871264
93.6,27.8,0,29.0826408704574,65.1973398465825
100.2,31.5,0,21.5473896330855,66.7664943294835
95.4,42.0,0,24.6811669092043,94.6479706913871
95.7,53.1,0,27.6061587331523,118.328869492657
92.1,33.6,0,28.6246397357242,77.0803972782274
99.0,26.3,0,25.0736913915762,56.8803362125967
92.3,42.5,0,27.8125870785154,95.1571269732179
97.9,61.1,0,30.55519595748,133.673945623295
96.2,31.0,0,25.4448423064479,69.2858251556513
88.7,41.5,0,31.3359218788916,92.7437049762235
85.9,47.2,0,34.8518292202863,101.922525793634
90.0,29.1,0,31.9188032357105,70.0322296071538
96.0,21.1,0,30.5484860508667,51.77956794515
93.7,54.1,0,29.8412466227535,118.196723597964
90.6,39.2,0,29.4108823397055,88.4413157937893
88.6,46.9,0,32.1491835044065,102.393494041494
90.6,43.3,0,29.584624384974,96.4043527263841
94.1,24.3,0,30.286960890786,58.7766947132464
88.5,41.9,0,31.5572495632937,93.4517539082221
58.3,16.9,0,65.8824711133394,69.4744908120856
97.7,30.5,0,24.2392244100342,66.9255604935915
99.2,51.9,0,23.9635139326435,119.77453749487
91.5,43.0,0,28.6574597618142,96.0090059574945
85.3,44.3,0,34.9654114804903,97.0640417928004
92.0,50.9,0,30.0467968342717,111.27025245776
93.7,40.4,0,26.3030416492086,90.8713515176781
101.5,40.6,0,18.5097271724896,91.8575903703203
99.0,42.4,0,21.1366979445702,96.519801751657
101.6,37.9,0,18.5194492358709,83.4889805565993
91.1,41.3,0,28.9292239785308,92.5755825563164
91.9,43.6,0,28.329666429381,97.3006158238792
81.5,39.6,0,38.5020778660061,89.4047405915019
91.6,52.1,0,30.870212179381,113.076736636301
93.4,38.1,0,26.6677708104746,85.9143832200251
96.3,33.6,0,24.5489307302783,74.8881716222135
98.9,27.7,0,24.4233494836396,59.7604493020923
90.6,42.8,0,29.5330323536206,95.4403320310055
88.4,53.3,0,34.2848362982821,112.825547814147
96.5,44.8,0,23.985203772326,101.544173930674
93.7,45.0,0,26.771066471099,100.764274880604
92.8,37.9,0,27.2809457314075,85.5851867512728
90.5,32.9,0,30.3423796034523,76.467543368565
88.8,50.7,0,32.983783894514,108.92933925212
88.5,37.6,1,31.5912962697006,85.6430249941538
109.5,65.2,0,27.3,157.38013505196
90.1,51.7,0,32.107631491594,111.370622269343
97.8,63.6,0,32.4006172780705,136.750854186543
99.4,49.7,1,22.769497139814,115.214516768072
89.6,27.0,0,33.0629702234993,66.8469184358865
89.2,25.8,0,33.9157780391369,65.248457362088
88.9,32.0,0,32.1124586414681,75.5742897092515
88.7,44.2,0,31.5805319777866,97.6425996490964
85.9,51.5,0,35.9869420762587,108.63633913419
98.2,26.7,0,25.5368361391931,58.6129781156112
97.0,37.0,1,23.1948270094864,82.5685920288275
98.0,39.4,0,22.0081802973349,88.4377750831575
95.3,45.0,0,25.2009920439653,101.443696696783
95.9,54.7,0,28.2294172805604,121.381458338559
99.8,44.5,1,20.6951685182798,102.558836940948
100.8,57.1,0,25.710892633279,131.689058485389
98.1,20.3,0,29.4567479535675,48.02724518228
95.6,40.8,0,24.4131112314674,91.8778774472854
100.9,18.3,0,28.9084762656215,41.3537287912432
95.1,46.9,1,25.8383436001614,105.48850144291
98.3,27.8,0,24.8943768751098,60.6547838267052
93.5,35.9,0,26.8152941434548,81.2051030345566
93.5,38.1,0,26.5680258958019,85.8990183023153
89.4,31.8,0,31.6796464626738,74.9986815395285
96.1,25.2,0,28.1113855937412,58.2322676065142
99.0,31.9,0,22.5079985782832,68.9076604941725
95.0,52.1,1,27.7742686672395,115.82698212362
87.6,39.5,0,32.4038577950219,89.1158760518644
99.8,29.8,0,22.6291846958745,63.2084844705808
93.1,48.3,0,28.1513765205185,107.147619881397
97.7,25.2,0,26.7643419496912,56.4286800335577
95.1,32.7,0,25.948024973011,73.6603037417018
96.8,25.7,0,27.2530732211984,58.3511786891497
94.9,29.7,0,27.1311628943545,67.6887852590412
96.5,52.6,0,26.6647707659376,118.198883773637
97.8,45.4,1,22.8473193175917,103.671307132196
94.9,38.6,0,25.1390135049091,86.8075273870679
88.6,47.1,0,32.1927010361044,102.741156324032
96.5,49.4,0,25.3102745935322,111.801409486352
87.4,45.2,0,33.0121189868206,99.0628561143429
92.6,27.1,0,30.2848146766659,64.7888067975964
91.9,40.3,0,28.1016013778574,90.6116754747136
97.6,57.2,0,28.2418129729662,127.519113820476
93.8,38.8,0,26.2274665188996,87.3775985394588
88.7,28.5,0,33.3457643487145,69.8260550514431
94.6,47.4,0,26.4560012095555,106.242879102698
89.8,50.0,0,31.8125761295749,108.321040862629
86.5,44.2,0,33.7622570335575,97.1460654954615
88.2,41.0,0,31.8157193852347,91.8011605157224
92.8,37.0,0,27.3649410743016,83.7060518110489
97.2,59.9,0,30.2630137296337,131.1146839472
94.0,52.5,0,28.8487434735033,115.676815681838
97.6,53.5,0,26.1535848403235,121.076469395555
91.9,41.2,0,28.125611104472,92.4453090856094
93.3,35.6,0,27.0601182554696,80.6421049780074
93.1,34.6,0,27.4366543149853,78.6491127227239
94.8,50.0,0,27.1116211245289,111.644435140714
92.9,42.9,1,27.2547243611085,96.1080383181826
88.2,32.7,0,32.6271359454059,77.0711950095023
92.8,28.1,1,29.6892236341741,66.3706222693432
94.7,50.2,0,27.2787463055031,111.957422115103
93.6,56.4,0,31.0792535302893,121.849051319055
89.5,34.7,0,30.9570670445377,80.1421210739556
95.3,48.2,0,26.0255643550721,108.365330656074
99.1,28.4,0,23.9033470459683,60.9686774028975
95.8,30.9,0,25.854400012377,69.3920799376302
88.3,51.0,0,33.5542843762164,109.136935499157
87.6,35.4,0,32.7249140564189,81.9194186183989
91.5,35.0,0,28.9352725924606,80.0493733120484
98.2,34.3,0,22.5328648866495,75.3470335318008
91.5,53.4,0,31.4930150985897,115.181757149842
94.8,43.6,0,25.4558441227157,98.130102354156
90.2,26.0,0,32.9247627174441,64.8359250267057
97.1,53.2,0,26.4319881961233,119.959974719196
90.6,32.3,0,30.3916106845294,75.32360686255
100.7,61.8,0,29.1158032690153,138.480855963961
96.0,42.0,0,24.0831891575846,94.7636416907262
93.9,38.4,0,26.1489961566405,86.4920050242661
92.6,57.4,0,32.4579728264105,122.417037505923
97.4,31.7,0,24.0759215815304,69.8339054502909
90.1,43.1,0,30.0602727865201,95.9192163713056
95.6,44.4,1,24.7935475476988,100.222168633636
94.0,46.1,0,26.7059918370391,103.203665859691
100.9,60.5,0,28.0189221776998,137.024765081561
90.3,39.5,0,29.7042084560421,89.0355156977734
101.4,44.2,1,19.0682982984848,102.724355685422
98.6,23.2,0,27.2066168422316,51.8664298024977
97.5,41.3,0,22.5375242651006,93.3067464802425
89.5,33.2,0,31.2488399784696,77.4314173722028
100.4,43.1,1,19.8436387792159,98.9876372982085
94.3,46.8,0,26.5843939182371,104.820352079522
99.7,60.6,0,28.9214453304118,135.420254904717
94.3,28.7,0,28.0745436294163,66.2654496329063
97.9,47.4,0,23.3060078091465,108.512690674146
98.1,54.3,0,26.1553053891558,123.143252722605
99.3,26.0,0,24.9897979183506,55.9283901926058
101.1,25.9,0,23.5800763357543,53.2758928270752
94.1,37.8,0,25.9932683593272,85.1448315827932
86.5,45.1,0,33.885985303662,98.6561756960704
99.6,29.6,1,22.8980348501787,62.9873346520615
94.0,50.0,0,27.8567765543682,111.037511025422
87.1,34.2,0,33.4073345240233,80.0019553084839
88.9,53.7,0,33.9838196793709,113.77418562666
101.1,34.9,0,19.5760057212905,74.8989018386146
100.6,55.6,1,24.8941760257294,128.803586570896
94.7,41.1,1,25.3239017530869,92.4895529219991
96.3,24.5,0,28.3185451603715,56.8149752362232
99.1,27.3,0,24.4560830878536,58.7148118918785
96.8,26.2,0,26.9940734236239,59.2546507182267
86.4,32.9,0,34.3419568458176,78.068378726438
88.7,27.7,0,33.6300460897692,68.5466003557723
88.2,39.9,0,31.8001572323157,89.8198251866321
99.8,55.9,0,25.7070029369431,128.207299355493
91.6,39.2,0,28.4112653713276,88.3864610671187
97.0,40.0,0,23.0,90.0
95.9,38.3,0,24.1598841056823,85.9650724838691
88.1,42.5,0,31.9978124252268,94.4811057481088
97.7,29.4,0,24.6910915109073,64.5765614470945
96.2,22.5,0,29.5413269844129,53.6731740478798
96.7,25.6,0,27.3906918496047,58.2828671207158
94.2,30.2,1,27.598550686585,69.2009715911585
94.1,27.2,0,28.8903097941161,63.7010263815784
97.8,20.1,0,29.8135875063703,48.1270646491095
87.6,53.7,0,35.1774075224426,112.920561664306
90.1,48.7,0,31.1400064226069,106.223405882599
95.8,52.7,0,27.330020124398,117.690191884914
90.5,51.0,1,31.4841229828623,110.449547610793
99.1,21.0,0,28.2455306199052,47.7263109939063
90.2,45.1,0,30.2332598308552,99.711568181239
98.0,60.6,0,30.1390112644725,133.117717556989
94.1,48.3,0,27.1974263488294,107.768748852739
95.8,22.2,0,30.0413048984228,53.6641354331081
95.6,33.4,0,25.2768668944551,74.864164496252
88.6,35.5,0,31.720813356533,81.8443533856047
100.1,34.3,0,20.7002415444845,74.0165843438658
95.1,23.9,0,29.6516441365399,57.1138429455644
91.6,43.0,0,28.5580111352314,96.0300088082814
101.6,22.4,0,25.4621287405433,46.2730300200567
89.1,38.1,0,30.9583591296438,86.4813885346628
95.1,40.3,1,24.9018071633366,90.6902771978656
94.4,29.6,0,27.6318656626729,67.8905516562483
95.2,46.0,0,25.5154854941073,103.600542516659
92.1,34.1,0,28.5170124662455,78.0596029645807
90.3,47.5,0,30.6323358560852,104.172337700132
109.0,16.8,0,25.6756694167844,25.3674044624696
89.8,51.9,0,32.4599753542728,111.506410939992
92.3,31.4,0,29.0043100245464,72.7520348920482
96.5,45.3,0,24.0902469891863,102.709388136256
94.1,30.1,0,27.7276035747773,69.0811750389217
100.1,24.9,0,24.9803923107705,52.8089924602958
97.1,62.0,0,31.7554719694103,133.851686034015
87.1,41.7,0,32.9438916948195,92.9579415290595
100.7,45.2,0,19.9882465464082,105.079133974961
95.3,30.7,0,26.3928020490436,69.3677298415556
94.9,24.4,0,29.5528340434551,58.1384724640194
93.4,59.5,0,32.9819647686429,126.244498572163
93.5,21.9,0,32.0914318783067,55.6661867598448
96.9,49.0,0,24.7913291293549,111.286405113659
89.3,40.3,0,30.7014657630544,90.559875790162
87.3,42.2,0,32.7739225604748,93.8489616451888
95.1,25.3,0,28.9153938240516,59.4440357244922
88.4,40.1,0,31.600158227452,90.1813151526977
100.7,22.7,0,25.9187191041533,48.1278061212861
63.1,9.3,0,64.6536928566343,61.6512276690662
113.5,69.5,1,30.2076149339864,167.574057134573
97.6,29.8,0,24.6130046926417,65.5175141026529
94.7,48.9,0,26.8197688282356,109.380783784651
100.9,40.8,0,19.1167465851279,92.3984213340925
85.0,40.7,0,35.00699930014,91.1457628381751
93.0,33.8,0,27.7027074489119,77.0673916032604
94.0,25.7,0,29.6730517473347,61.1892062570269
89.1,45.1,0,31.3180459160529,99.3720927085791
92.3,44.1,1,28.0017856573469,98.4194725175966
98.7,22.4,0,27.6305989801162,50.4333811903853
93.5,49.6,0,28.1852798460473,109.91363607457
93.5,54.1,0,30.0176614678759,118.016347644086
90.0,36.2,0,30.2397089933088,82.7809791751303
95.7,48.0,0,25.5830021694093,108.222480898755
92.9,54.4,0,30.6882713752339,117.984626886624
90.0,48.3,0,31.1269979278439,105.464992414625
93.3,44.2,1,27.0283184826582,98.9395650031515
100.8,25.5,0,24.0601330004637,52.9395933986615
95.2,44.6,1,25.2230053720805,100.508022140232
93.6,46.6,0,27.2124971290766,104.036243467926
87.2,36.2,0,33.0193882438788,83.391535661683
96.5,37.5,0,23.6326045961929,83.9275435927922
82.8,44.3,0,37.4476968584184,96.5936364781997
88.0,36.2,0,32.2248351431004,83.2278400338864
92.8,60.5,0,34.0600939517201,127.004473509965
90.0,33.7,0,30.6543634740635,78.140220879052
91.6,30.9,0,29.8223070871454,72.2333703613861
96.3,43.0,0,23.8891188619421,97.2142620392068
96.5,62.9,0,32.8124976190475,134.259147590611
68.7,24.3,0,53.6486719313722,72.9836425668166
92.5,46.6,0,28.2809122908014,103.495733280796
93.7,46.1,0,26.9981480846372,103.058243394871
95.6,40.0,0,24.4,90.0
98.2,27.8,0,24.9815932238118,60.7671825424757
93.4,36.0,0,26.8990706159153,81.4481697661799
93.8,26.8,0,29.3373482100888,63.2602671095334
99.4,56.0,0,26.0837113923613,127.836452534168
101.0,60.3,0,27.8044960393099,136.894589412168
89.1,27.1,0,33.4846233366899,67.3406479599941
94.3,24.6,0,29.9608077327698,59.0690401326405
92.0,36.5,0,28.2179021190449,82.8749836510982
91.1,43.1,0,29.0657874484763,96.1225036614874
88.0,51.4,0,33.9699867530148,109.60844127189
92.4,53.6,0,30.7688153818115,116.231939933157
114.2,63.4,0,24.1080899284867,166.079039635079
94.8,50.1,0,27.148664792214,111.840599479907
93.1,43.4,0,27.1140185144143,97.2036472869753
88.3,39.1,0,31.7127734517182,88.3737428032849
101.2,20.7,0,26.9430881674688,44.2481300440395
101.7,47.8,0,19.8929635801205,113.085133672808
94.2,45.2,0,26.31881456297,101.395321053893
102.1,66.4,0,31.8962380226885,145.861539875489
100.6,40.6,0,19.4092761328186,91.7714697400342
94.8,40.4,0,25.2031744032374,90.9093804491994
91.6,28.5,0,30.6400065274145,67.9555189679268
93.4,46.9,0,27.4803566206845,104.54193006804
94.7,32.0,0,26.5346942699553,72.4527574152765
94.8,43.3,0,25.4151529603896,97.4605661261683
100.1,29.6,1,22.4537302023517,62.40784368817
89.6,44.1,0,30.6752343104336,97.681043659971
98.2,32.0,0,23.2215417231501,69.8482529657881
94.4,26.2,1,29.0826408704574,61.6725577992615
87.3,45.3,0,33.1267263701079,99.2064122395048
84.7,35.2,0,35.6248508768809,82.2565643646717
91.6,49.6,0,29.9786590760828,108.67670173219
87.7,44.6,0,32.6259099489961,98.1052667339025
99.1,29.9,0,23.2124966343563,64.2076774152184
93.5,52.0,0,29.0903764155777,114.362453015312
96.2,49.5,0,25.6259633965242,111.759890812812
98.7,25.0,0,26.0516794084374,54.8458223678526
99.7,39.1,0,20.3199409447961,87.4614554016011
93.6,55.9,0,30.8183386963022,121.05940882971
96.3,54.5,0,27.7838082342936,121.458892917949
97.7,51.3,1,24.9995999967999,116.872538991656
95.3,39.8,0,24.7008097033275,89.5360767013738
94.1,31.9,0,27.137059531202,72.6333801167415
95.5,48.7,0,25.9988461282419,109.550054325048
95.0,41.8,1,25.0647162361755,94.1181897039888
93.5,43.4,1,26.7172229095765,97.311213676989
95.4,43.1,1,24.794555854058,97.1823407715085
100.4,60.8,0,28.579713084634,136.701354605326
89.7,40.4,0,30.3026401490035,90.7563359928257
98.5,52.8,0,25.0217905034792,120.767404389463
93.4,46.4,0,27.359093552236,103.528315466373
100.8,28.2,1,22.5361931124136,58.4258092497147
91.1,48.0,0,29.9868304427127,105.472972328155
89.8,52.9,0,32.8397624839157,113.129863102173
109.4,15.2,0,26.9703540948205,23.1428010672942
97.2,44.5,0,23.2398364882372,101.164880177549
88.2,34.3,0,32.3068104275244,79.8379168059992
87.2,40.1,0,32.8001524386702,90.1746817133905
93.1,50.2,1,28.7689068266419,110.76583354798
101.3,58.1,0,26.0249879923123,134.065912446031
88.2,46.5,0,32.4575106870505,101.55226967339
93.9,42.6,0,26.2291822213351,95.6888572586057
95.7,53.0,0,27.5588461296913,118.145864628304
101.6,46.8,0,19.6163197363828,110.282559088917
91.6,33.5,0,29.1343439946741,77.108565616886
96.3,55.7,0,28.4285068197399,123.522373040392
95.3,55.2,0,29.0022412927001,121.607502246249
106.3,62.8,0,26.5994360842481,148.999302287028
98.0,57.4,0,28.0492424140118,128.340792733863
90.7,39.0,0,29.317059879872,88.0452713883675
94.2,43.3,0,26.0101903107224,97.2889523236101
94.5,34.9,1,26.0049995193232,78.6900675259798
95.0,63.0,0,33.9705755029261,132.614055969611
95.9,58.3,0,30.2605353554758,127.210714522038
97.0,35.7,0,23.3985042256978,79.4104291419323
88.1,31.1,0,33.1182729018287,74.4110643248139
97.4,48.2,0,24.0416305603426,109.942384581697
100.4,54.7,0,24.5,126.869897645844
90.0,34.1,0,30.5746627127758,78.8738250085507
90.2,35.7,0,30.1086366346934,81.7891615139638
97.1,53.3,0,26.4820694055431,120.14742113401
95.8,55.7,0,28.8466635852398,122.973907580509
116.1,64.0,0,24.3148103015426,170.770113756272
92.7,51.2,0,29.5081344717012,112.306205054908
94.3,39.1,0,25.7157539263386,87.9943526286116
89.5,45.9,0,31.0654148531772,100.948221499621
96.7,38.3,0,23.3619348513774,85.8270155239204
100.9,57.3,0,25.7701377567137,132.168998322135
91.4,37.9,0,28.6769942636951,85.8005035597719
88.0,36.0,0,32.2490309931942,82.8749836510982
98.4,21.4,0,28.5047364485273,49.2678933002908
99.3,60.3,0,28.9927577163677,134.441034519168
92.3,35.2,0,28.1128084687389,80.1691135337821
96.0,39.3,0,24.0102061632132,88.3293467286
97.9,44.3,0,22.5144398109302,101.010479907004
101.3,41.6,0,18.7683243791235,94.8904020580539
84.7,42.1,0,35.3624094201738,93.4045182994887
99.0,24.7,0,25.9824941066096,53.9239884436314
99.3,47.7,0,22.0857420070053,110.404228459055
95.2,41.2,1,24.8290152845416,92.7702157972003
87.5,46.6,0,33.1633834220817,101.479345875966
95.4,42.2,0,24.6981780704569,95.1104175610312
98.7,34.0,0,22.128940327092,74.2679952148927
94.8,28.3,0,27.7836282727796,65.0952311919048
100.7,40.4,0,19.3041446326948,91.1873073157287
99.0,56.1,0,26.4614814400101,127.476179561361
94.4,25.7,0,29.3231990069296,60.8125473623809
112.6,15.7,0,25.4017715917611,16.9368950485913
95.4,37.0,0,24.7822517136761,83.0470425318261
95.6,43.7,0,24.6789383888368,98.6226040879193
94.1,53.1,0,29.0244724327592,116.829898810805
90.9,34.5,0,29.6151988006159,79.2971524038407
101.0,27.2,1,22.9093867224769,56.0324732408977
90.5,35.5,0,29.8412466227535,81.3268259521202
97.2,34.9,0,23.363432966925,77.3913932066338
98.3,52.5,0,25.0427634257883,119.943528572612
96.3,40.9,0,23.7170824512628,92.17474411461
88.5,40.1,0,31.5001587297588,90.1818907524979
92.4,38.0,0,27.6723688902848,85.8553762588957
99.8,30.6,0,22.2800359066138,65.045249425421
96.2,34.8,0,24.3614449489352,77.6752725658626
98.4,55.7,0,26.7029960865817,126.011598115813
100.8,43.8,1,19.572429588582,101.1951114263
100.2,33.3,0,20.9028706162575,71.3050116031962
86.8,43.9,0,33.4282814395236,96.6998235643229
110.3,12.9,0,28.7836759292485,19.6939940300973
100.1,25.3,0,24.7406548013588,53.5469600073442
91.6,43.0,0,28.5580111352314,96.0300088082814
92.0,37.9,0,28.0786395681842,85.710846671181
94.2,40.3,0,25.8017441270934,90.6661999701832
89.1,46.2,0,31.5158690186389,101.345586345904
97.8,19.8,0,30.0146630832332,47.7006293373953
97.2,24.7,0,27.4577857810858,56.1363094311817
94.0,76.7,0,44.9765494452387,144.684455158839
98.3,52.0,0,24.7969756220391,118.942391591718
93.1,45.2,0,27.3979926271981,100.940816595891
92.5,49.6,0,29.1274784353195,109.243630335375
90.6,38.4,0,29.4435052261106,86.8849352400944
91.7,41.0,0,28.3176623328975,92.0237438392341
68.3,19.5,0,55.6160048906787,68.3707642911008
88.9,46.7,0,31.8135191388818,102.157650333324
98.3,56.3,0,27.1400073691958,126.912120025462
95.0,43.0,1,25.1793566240283,96.842773412631
93.4,33.3,0,27.4308220802804,75.8624378410197
92.8,45.5,1,27.7504954910719,101.431407442922
97.1,31.6,0,24.3920068875031,69.8563453042129
90.5,29.4,0,31.3466106620796,70.2355189946349
95.6,31.9,0,25.7093368253637,71.6355256550833
95.2,52.7,0,27.8626990795938,117.116839377716
98.8,19.4,0,29.5601082541996,45.8223709799982
99.9,35.4,1,20.6196508214858,77.1095193702486
90.0,22.2,0,34.8832337950483,59.3179313631279
95.2,31.3,0,26.281742712385,70.6688004177945
90.9,33.0,0,29.9300851986759,76.4744833407234
91.0,33.6,0,29.6978113671698,77.5548968032681
97.3,56.0,0,27.7721083103174,125.177935054808
93.4,25.3,0,30.3916106845294,61.0735741647464
96.3,21.3,0,30.1890708701013,51.7255170973253
96.7,51.2,0,25.852079220055,115.672974452324
99.7,30.6,1,22.3707398178961,65.1533068245775
100.0,17.5,0,30.1039864469807,41.6335393365702
100.8,25.5,0,24.0601330004637,52.9395933986615
93.3,29.5,0,28.6904165184126,68.532348560901
98.9,57.9,0,27.6698391755355,130.309315544265
85.5,38.3,0,34.5418586645247,87.1790114064844
107.6,62.4,1,25.6031248092884,151.032339353936
100.0,32.9,0,21.2228650280776,70.4551376733713
84.4,44.9,0,35.935636908228,97.8369742017996
90.3,7.1,0,44.3226804243606,42.0736893739078
90.7,52.1,0,31.7001577283142,112.439121763631
85.8,41.8,0,34.2473356627928,93.0127875041833
96.3,41.9,0,23.7760383579771,94.5835298091171
93.1,42.7,0,27.0351622891375,95.7316810200634
96.2,49.3,0,25.552494985813,111.343386122046
110.7,17.4,0,24.4386988196999,22.3673828199171
114.1,62.5,0,23.2606964642076,165.306586629509
93.4,26.9,0,29.6508010009848,63.7806205233927
98.9,47.4,0,22.360008944542,109.326324673298
92.8,50.7,0,29.2289240308295,111.473800594391
81.6,50.0,0,39.6807257998137,104.596575525494
90.9,30.6,0,30.5805493737441,72.0982953622218
89.0,23.1,0,35.3073646708445,61.4024914593823
96.4,23.8,0,28.6251637549901,55.532711823142
83.4,29.8,0,37.9947364775701,74.4274564031898
95.6,53.3,0,27.7893864631805,118.594004818769
83.8,48.2,0,37.1171119566165,102.76321344787
92.9,26.8,0,30.1438219209177,64.0299874537499
89.6,44.7,0,30.7611768305441,98.7886455317196
90.5,46.1,0,30.1240767493379,101.682946601818
90.6,47.6,0,30.3664288318531,104.493867758276
101.7,63.8,0,30.0221584833602,142.443043994472
100.5,55.6,0,24.9721845259881,128.65980825409
93.6,35.7,0,26.747897113605,80.7489704279223
92.2,28.6,0,30.0466304267217,67.7028421232128
108.5,15.4,0,27.1552941431316,25.055133147292
95.4,56.6,0,29.6769270646406,124.011348903506
98.3,21.0,0,28.8425033587586,48.7953873660968
95.3,25.7,0,28.5408479201302,59.9314171781376
85.3,45.4,0,35.1176593753058,98.8453971137738
90.1,56.8,0,34.296501279285,119.330452506335
101.1,62.4,0,29.3081899816417,139.844000375081
93.3,39.2,0,26.7119823300331,88.2837859805138
111.1,65.9,0,27.3864930211957,161.035774966877
85.1,43.1,1,35.0374085799735,95.0759881885611
95.6,27.9,1,27.2354548337273,63.623111625988
92.1,34.3,0,28.4763059402023,78.4533094540727
113.4,15.7,0,25.180349481292,15.1952485268199
95.9,49.6,0,25.9416653281936,111.719382656905
107.8,14.8,0,27.9978570608538,25.8328765995142
81.5,46.5,0,39.0448460107093,99.5829447235326
96.6,55.4,0,28.0128541923168,123.349700562462
92.4,39.8,0,27.6007246281687,89.5848204588562
92.9,47.3,0,28.0659936578059,105.076069974919
89.9,40.0,0,30.1,90.0
97.9,21.4,0,28.8854634721342,49.9150634023673
96.5,58.5,0,29.9081928574764,128.211025425561
99.6,46.0,0,21.2640541760032,106.389540334035
95.5,16.9,0,33.6728377182559,46.6846843178963
90.3,55.1,0,33.3181632146792,116.949580836662
98.0,21.7,1,28.6162541224389,50.2457002851125
94.9,41.2,0,25.1286688863537,92.7371563050608
97.7,33.5,0,23.2280003444119,73.7496619662096
88.8,60.7,0,37.4423556951215,123.562743781092
95.7,35.8,0,24.6602919690745,80.1939072401029
83.0,26.8,0,39.2840934730585,70.3657977834786
95.8,19.5,0,31.7157689485846,49.7318165989169
90.0,36.0,0,30.2654919008431,82.4053566314086
93.9,25.7,0,29.7607123570656,61.2819860338216
91.0,42.5,0,29.1075591556558,94.927109947649
96.5,53.4,0,27.0519869880199,119.692340477636
94.2,43.7,0,26.063959791252,98.1611906742267
88.1,49.0,0,33.1452862410328,105.755439598931
92.8,48.4,0,28.4675253578529,107.161918802865
97.7,68.3,0,36.0302650559221,141.762389674939
103.1,15.6,1,29.681138792169,34.7073623057164
94.2,22.8,0,31.0077409689903,56.3099324740202
100.2,32.3,0,21.2445287074108,68.7494944928668
95.8,45.6,0,24.8394846967484,103.029194807944
96.1,29.9,0,25.9464833840735,67.0913654093629
113.7,17.1,0,23.7507894605632,15.3820663081296
96.3,38.7,0,23.735627229968,86.8603398521798
90.0,19.4,0,36.3917573084895,55.5239116420473
93.7,45.2,0,26.8091402323909,101.184192120991
93.6,60.5,0,33.4246914720241,127.829880711441
91.1,35.9,0,29.1893816309973,81.9254167946624
91.3,47.7,0,29.7149793875076,105.018360631151
94.2,19.7,0,32.8287983331708,51.8035633044573
84.0,19.3,0,41.5269791822136,60.1010981613854
95.7,32.5,0,25.4310833430273,72.8475782597882
87.6,28.8,0,34.2811901777053,70.9308064626519
98.2,30.8,1,23.6617835337914,67.1193628235823
100.2,37.9,0,19.9110522072541,83.9458081058851
95.2,33.0,1,25.7689735922873,74.2378522360275
99.8,62.8,0,30.4611227632863,138.460183228986
95.3,46.6,0,25.5665797477879,104.960288820699
93.0,40.4,0,27.002962800404,90.8487642715534
100.3,26.3,0,23.9954162289384,55.1840331960241
89.6,34.3,0,30.9297591325894,79.3803447238449
90.7,38.6,0,29.3334280301502,87.2643983008868
93.5,35.6,0,26.8627995562637,80.5727425241408
94.3,40.8,0,25.7124483470556,91.7829504795737
90.9,27.2,0,31.7907219169367,66.2571041227338
84.6,47.4,0,36.1651766206112,101.807063421599
84.4,40.8,0,35.6089876295297,91.2873289415252
96.6,55.7,0,28.1788928100449,123.859247485619
91.8,42.5,0,28.3105987220334,95.0661686625644
94.1,28.3,0,28.4200633356085,65.6895237888571
99.8,37.4,0,20.3666393889616,82.6656211985833
88.9,35.7,0,31.3958595996351,82.1279849971802
89.7,31.4,0,31.4968252368393,74.1545530243189
101.5,34.5,0,19.3002590656188,73.4429286243634
92.3,34.4,0,28.2603963171078,78.5707843266701
94.9,56.1,0,29.8197920851236,122.677503362447
93.1,41.7,0,26.9536639438871,93.6161138961547
90.5,20.5,0,35.3624094201738,56.5346206536447
91.9,46.0,1,28.7334300075713,102.052976010393
89.8,29.1,0,32.1068528510659,70.1541103566953
103.4,15.3,0,29.759872311554,33.9036575133142
83.4,34.4,0,37.025936855129,81.3008979153739
83.8,50.8,0,37.7767124032783,106.61208033646
93.3,39.5,0,26.7046812375658,88.9271707242086
91.5,29.6,0,30.3382596732245,69.9523530610013
97.6,27.5,0,25.6517055963146,60.8369223850987
100.2,25.8,0,24.3655494499919,54.3529792500932
92.6,38.0,0,27.4728957337955,85.8252301080876
95.6,46.7,0,25.30316185776,105.354418048201
93.5,33.3,0,27.3338617835095,75.8112392893502
91.1,35.0,0,29.329336848964,80.1844011172463
90.2,39.9,0,29.8001677847626,89.8077330052014
91.8,44.2,0,28.5110504892401,98.4711446330148
98.3,45.4,1,22.3617977810372,103.974100564405
109.1,16.4,0,25.9955765467897,24.7905343834839
97.3,66.5,0,34.8932658259441,139.416515668228
96.6,57.0,0,28.9233469709161,125.998244877439
92.8,56.3,0,31.7100930304533,120.932769093498
92.1,33.9,0,28.5590616092336,77.667037337312
92.8,33.5,0,27.965872058636,76.560048406252
98.5,50.4,0,23.8832577342372,115.814025922003
90.9,36.9,0,29.264654448669,83.919259067183
88.3,54.3,0,34.7761412465501,114.280330914385
114.1,17.3,0,23.4542107093801,14.5694876530703
104.3,13.9,0,30.4581680342072,31.0282787790251
92.8,39.4,0,27.2066168422316,88.7363274483417
98.1,46.9,1,22.961271741783,107.487997376149
98.6,26.6,0,25.2491584018161,57.9465095156369
93.4,47.8,0,27.7200288600138,106.342882543442
85.3,31.9,0,35.6328500123131,76.8607580726367
100.5,22.6,0,26.1344600097266,48.257221940667
84.0,42.9,0,36.1166166743232,94.6055484257728
97.7,48.8,0,23.9735270663288,111.535125828758
98.7,48.2,1,22.823890991678,111.05553423323
101.7,57.2,0,25.1143385339929,133.225205681838
109.4,17.6,0,24.7814446713665,25.3241814019472
101.7,31.8,0,20.0531792990538,65.8634484332772
98.7,25.3,0,25.8801081914276,55.3888578154696
92.4,49.5,0,29.1892103353277,108.993611524749
94.8,46.1,0,25.9277843249283,103.607471082985
91.7,48.7,0,29.6070937445741,107.088501062836
91.7,31.0,0,29.6966328057576,72.3582328073608
83.6,41.2,0,36.4197748482881,91.8881880067411
94.6,33.9,0,26.122212769978,76.495735483485
95.1,37.4,0,25.0353749722268,84.0389102174214
96.0,34.4,0,24.644674881199,76.8659776936037
96.0,52.3,0,26.9683147415629,117.135139622077
94.2,54.4,0,29.5465734053883,119.167613379578
101.0,34.3,0,19.83658236693,73.3007557660064
91.0,44.7,0,29.3783934210161,99.2058235096365
93.5,22.4,0,31.8121046144388,56.4098378296357
101.2,30.6,0,21.019038988498,63.434948822922
86.3,51.0,0,35.4498236949071,108.077174296825
86.5,67.1,0,43.0889777089223,128.971308154425
92.7,31.3,0,28.6527485592569,72.3238913013465
98.4,62.2,0,30.9741827979367,135.784824602992
92.7,36.6,0,27.5109069279804,82.9008158312744
95.8,33.6,0,25.0319795461725,75.1865358811953
95.9,37.4,0,24.2398432338165,83.8425276604463
94.6,50.7,0,27.5617488559779,112.843737912328
86.7,53.5,0,35.9324365998188,112.06789956241
90.7,28.2,0,31.5868643584639,68.0638564186416
99.6,30.9,0,22.3376364013743,65.9593804654229
88.4,48.8,0,32.8024389337134,105.561510325328
96.9,24.0,0,28.1,55.2919507274773
96.3,55.3,0,28.2095728432743,122.845058302778
100.2,20.2,0,28.0014285349873,45.0
90.3,49.3,0,31.1220179294338,107.386972176916
99.8,19.3,0,28.9228283540874,44.2995974877646
90.2,43.3,0,29.9821613630505,96.3190883289957
89.2,48.5,0,31.9513692977312,105.428122178009
94.8,44.8,0,25.6530699917183,100.784297867563
100.3,18.5,0,29.1605898431428,42.4983771857182
81.9,35.2,0,38.4011718571191,82.8194645022798
82.3,39.9,0,37.7001326257614,89.8480221614363
95.7,50.8,0,26.5919160648495,113.962488974578
96.2,42.5,0,23.9309423132479,95.9964740724115
86.6,32.1,0,34.3215675632684,76.6925681271451
100.7,58.5,0,26.7346217478385,133.787571910055
107.2,11.7,0,31.0601030262296,24.3370882758865
100.5,25.3,0,24.4200737099625,52.9893267663969
91.0,41.3,0,29.0291233074649,92.5667131350595
92.8,22.3,0,32.4519645013981,56.9465260499837
84.3,36.6,0,35.8615392865393,84.5596679689946
97.6,28.9,0,24.9993999927998,63.6399417926469
95.1,24.1,0,29.5435272098644,57.4395620188466
94.7,43.3,0,25.514309710435,97.4314079711725
99.1,21.6,0,27.8454664173542,48.639865230727
106.9,17.2,0,26.2954368664983,29.880012601843
96.5,47.8,0,24.7606542724541,108.361774176228
98.3,20.6,0,29.1075591556558,48.202992406507
93.4,25.8,0,30.152943471575,61.9051580986356
92.3,30.9,0,29.1564744096401,71.8136213291376
95.6,27.6,0,27.3700566312896,63.0604719361992
90.3,45.5,0,30.2049664790412,100.491477012332
97.4,26.2,0,26.4801812682617,58.5909484478413
97.3,29.0,0,25.2247893945619,64.1460301432356
91.1,31.2,0,30.210097649627,73.0645982150556
113.2,63.8,0,24.7523736235538,164.054604099077
96.9,56.9,0,28.6220194954863,126.189267014015
85.4,33.9,0,35.1336021495092,80.0014671530507
98.6,19.1,0,29.9127063302537,45.6772235375537
104.0,63.5,0,28.429737951659,145.750966993188
98.5,32.1,0,22.9054578648845,69.8245547691834
86.7,29.6,0,34.8862437072265,72.6557728635599
85.9,33.5,0,34.7139741314647,79.2079813698493
100.5,27.5,0,23.1624696438009,57.3390872783262
90.6,31.5,0,30.6040846946939,73.8745910214604
87.1,47.9,0,33.8351887832771,103.502319759616
96.4,23.2,0,28.9689488935998,54.5542896724018
97.1,20.4,0,30.1424949199631,49.439940165806
97.1,25.2,0,27.2662795408541,57.1258904444495
106.5,16.9,0,26.755560169804,30.3026807204881
103.6,67.3,0,31.8472918785884,149.005389523944
88.0,44.4,0,32.3010835731559,97.8290765100596
96.2,62.2,0,32.5465820018017,133.007906427034
95.2,42.9,0,24.9689807561302,96.6696198423123
96.4,26.9,1,26.9920358624539,60.9660133089977
93.8,22.6,0,31.4515500412937,56.4109831267654
99.0,18.9,1,29.7692794672629,44.8639057677945
94.7,53.2,0,28.5364678963603,117.552811576718
100.0,32.4,1,21.3953265925061,69.1932089872888
94.2,36.7,0,26.0101903107224,82.7110476763899
93.6,37.3,0,26.5377090194312,84.1605076884826
83.1,46.0,0,37.3846225071218,99.2355590931659
100.0,19.5,0,28.6400069832394,44.2926806314558
96.0,40.7,0,24.0102061632132,91.6706532714001
96.9,50.5,0,25.3743965445486,114.443954780417
96.7,23.5,0,28.5506567350035,54.6956099233824
92.7,52.3,0,29.94294574687,114.253919724317
88.8,36.5,0,31.3957003425628,83.5993484318106
99.1,29.7,0,23.3002145912865,63.7648632928963
114.1,62.1,0,22.8740027105008,165.05244771119
91.8,42.3,0,28.2936388610585,94.6627393362547
92.2,24.8,0,31.6840653957159,61.3318116084683
99.7,57.2,0,26.6069539782366,130.274294154214
95.8,21.4,0,30.5221231240554,52.4542988127485
103.6,15.3,0,29.6487773778279,33.5828725537393
91.7,36.4,1,28.5280563656201,82.7504278048909
97.8,15.0,0,33.434114314574,41.6050764578817
81.7,32.6,0,39.0083324432101,79.0645444127026
90.1,47.2,0,30.7546744414569,103.539210530207
92.4,39.0,0,27.6181100005051,87.9249736385826
94.4,23.9,0,30.2418584085039,57.8339560717044
94.3,22.8,0,30.924585688413,56.2071598855634
55.4,19.6,0,67.7445200735823,72.4744316262771
95.7,44.9,0,24.7891105124811,101.40059027734
87.8,41.9,0,32.2560071924595,93.3768913531949
97.1,20.1,0,30.3384244811757,49.0095015414393
100.5,21.8,0,26.6737698872881,46.974934010882
94.0,33.1,0,26.9,75.137184057655
96.3,25.8,0,27.6284273891946,59.0718088137702
101.9,27.8,0,21.8277346511268,56.0187239039989
92.2,37.0,0,27.9614019677126,83.8408369708569
93.1,36.0,0,27.1957717301789,81.5421562518765
89.3,25.8,0,33.82499076127,65.1775368901938
83.3,34.2,0,37.155484117422,81.0193566257446
96.2,27.6,0,26.8365422511917,62.4801075690498
96.6,28.6,0,26.0292143561806,64.0256060375687
90.0,38.2,0,30.0539514872837,86.5663696375495
91.3,24.5,0,32.6180931386248,61.6278624858173
101.1,44.9,1,19.5248559533739,104.53445508054
99.4,60.3,0,28.9214453304118,134.579745095283
103.4,62.7,1,28.1220554014105,143.822834068556
92.5,46.3,0,28.212408617486,102.903284595874
102.5,17.4,0,28.5833867832348,37.7519183427772
96.6,39.6,0,23.4034185537071,89.0206803456604
94.5,42.9,0,25.6643721918149,96.4881151165106
100.7,27.9,0,22.7793766376519,57.914632042321
96.1,36.6,0,24.1406296521031,81.9034628321116
89.0,41.7,0,31.046577911261,93.1388826338835
98.0,54.9,0,26.5708486879889,124.108713996772
110.4,16.2,0,25.6632032295269,21.9672434068129
101.6,37.1,1,18.6271307506014,81.0433643920881
101.0,26.8,0,23.1352544831476,55.2108676910779
84.8,44.5,0,35.4864762973164,97.2852278279211
88.1,49.1,0,33.1725790375123,105.921670941818
88.4,29.3,0,33.3624039901204,71.2935092313935
100.2,46.0,0,20.68912757948,106.858398767738
97.5,33.5,0,23.4200768572607,73.8865817669107
98.9,56.7,0,26.9091062653519,128.360529481106
87.3,42.4,0,32.7879551054957,94.1976683571609
95.3,24.8,0,29.0022412927001,58.3924977537511
101.6,21.4,0,26.1633331209921,44.6902961000412
99.1,26.8,0,24.7194255596687,57.7243556854224
100.9,21.6,0,26.5211236564366,46.0693970206331
92.1,18.7,0,35.101282027869,52.6404067610268
101.3,33.5,0,19.7974745864214,70.8328765995142
93.6,39.0,0,26.418932605236,87.8307424102716
97.3,24.0,0,27.7721083103174,54.8220649451924
95.7,28.9,0,26.7151642330718,65.4495476107926
97.5,37.2,0,22.673552875542,82.9063270722129
88.1,27.4,0,34.298250684255,68.4467569293125
92.8,31.8,0,28.4091534544766,73.2234857123622
95.9,30.6,0,25.8683203938717,68.6921528591759
96.9,11.4,0,36.7637049275505,38.9275435927923
97.3,40.3,0,22.7019822923021,90.7571688650584
101.4,17.2,0,29.4244796045741,39.2072035049678
97.9,41.2,0,22.1325552072055,93.1080309349998
87.8,50.0,0,33.7170579973995,107.252652166821
92.3,31.6,0,28.9456387043022,73.1301202626703
89.8,40.9,0,30.2134076197969,91.7069849023547
96.5,35.4,0,23.9459808736247,78.9246926662373
81.4,40.8,0,38.6082892653896,91.1873073157287
99.0,46.0,0,21.8403296678416,105.945395900923
96.6,41.7,0,23.4616708697399,94.1552138055848
97.7,25.6,1,26.5452443951831,57.1480554611855
91.2,24.7,0,32.6118076775882,62.0205256115199
93.5,38.1,0,26.5680258958019,85.8990183023153
86.9,22.3,0,37.5353167030731,61.8646592331322
107.0,17.1,0,26.3326793167729,29.5829530059387
96.0,23.5,0,29.1247317584214,55.4914770123316
96.6,54.1,0,27.3197730590867,121.071658060846
95.9,46.2,1,24.8847342762586,104.42714428055
100.5,39.9,1,19.5002564085706,89.7061780653488
85.2,36.8,0,34.9468167362923,84.7461972487377
95.4,34.6,0,25.1857102341784,77.6192430711928
95.4,65.5,1,35.4317654090225,136.029154804306
52.0,44.6,0,68.1554106436165,93.869994960506
91.7,30.8,0,29.7578561055732,71.9912605913229
96.0,52.4,0,27.0140704078449,117.323891301347
87.4,52.2,0,34.8080450470865,110.517514102653
89.8,37.0,0,30.348640826238,84.3269778600747
112.0,17.6,0,23.7857099957096,19.6538240580533
113.1,65.6,0,26.5135814253752,164.915460354862
92.9,32.3,1,28.1726818034776,74.1384106402548
88.3,41.2,0,31.7227048027119,92.1678902792212
102.7,11.9,0,32.9984848137002,31.6188772271423
95.5,63.9,0,34.2265978443666,134.289758122939
95.1,49.8,0,26.7591105980748,111.48332376322
97.9,21.3,0,28.9499568220749,49.7636416907262
96.0,49.6,1,25.8487910742456,111.801409486352
88.9,39.4,0,31.105787242891,88.8947522987235
88.5,18.9,1,37.9138497122094,56.1841921209906
90.1,42.5,0,30.0043330204156,94.7794999188053
84.6,38.8,0,35.4203331435491,88.0585136090857
112.6,15.9,0,25.2105136798122,17.0693106120877
96.0,53.3,0,27.4388410833985,118.99375904636
93.1,43.4,0,27.1140185144143,97.2036472869753
88.8,42.4,0,31.2921715449727,94.3987053549955
96.1,57.6,0,29.681138792169,126.367993278232
84.0,29.7,0,37.4444922518653,74.03358583901
95.4,23.2,0,29.7892598095354,55.6697828044967
101.6,22.1,0,25.6704109822963,45.7891481601459
115.3,74.9,0,35.2150535992777,172.330094813823
115.0,4.7,1,35.652349151213,8.06192018144586
87.7,49.0,0,33.5304339369475,105.569845166091
85.6,46.5,0,35.0087132011447,100.70008446286
79.6,36.7,0,40.5345531614695,85.3302664890857
95.4,26.5,0,28.0608267875342,61.2428791026976
90.8,23.1,0,33.7379608156747,59.9391525337694
99.9,30.5,1,22.2319589780118,64.7028576614127
86.3,26.9,0,36.156603822815,68.7576995306902
81.0,32.6,0,39.6958436111389,79.2562129290191
90.4,18.7,0,36.4671084677686,54.2614133806401
94.7,33.8,0,26.0486084081281,76.2304947331109
96.5,57.3,0,29.1811583046321,126.359393586176
83.6,47.0,0,37.0669664256464,100.885527054659
93.8,57.9,0,31.7308997666313,124.341127906209
100.8,26.2,0,23.6448725942856,54.2933085993971
83.0,31.5,0,37.9637985454564,77.0619436828135
90.4,21.2,0,35.065652710309,57.5789352374931
104.4,7.3,0,36.2305120030065,25.5041394868137
107.5,9.2,0,33.2398856797071,22.0894863971635
89.9,44.0,0,30.3646175671619,97.5697050548179
90.6,50.3,0,31.1520464817321,109.307405945824
85.9,32.0,0,35.025847598595,76.7969466673509
93.2,19.6,0,33.6808550960334,52.721825800131
100.6,22.9,1,25.860587773676,48.6056516739123
101.1,20.1,0,27.4448537981167,43.5236314901869
98.2,34.6,0,22.4588512618077,76.08750532348
78.6,24.7,0,44.1367194068612,69.7174409110834
86.8,51.3,0,35.0703578538914,108.796594567138
95.5,35.6,0,24.8919665755842,79.8186799934856
97.3,15.8,0,33.1802652189521,43.1681368215608
92.6,57.9,0,32.7287335532556,123.155969797858
96.4,43.7,0,23.8882816460289,98.910280851132
89.8,48.7,0,31.4281720753849,106.070605009983
98.7,33.9,0,22.1562632228451,74.019082851605
100.4,16.1,0,30.9090601604125,39.354619421995
99.4,48.6,0,22.32308222446,112.659352040006
83.3,34.2,0,37.155484117422,81.0193566257446
85.9,23.2,0,38.0138132788596,63.7719789327798
100.3,18.2,0,29.3824777716244,42.1031663562598
81.7,39.2,0,38.3083541802568,88.8033953205013
87.8,37.4,0,32.3047984051905,85.3836479064489
93.5,50.9,0,28.6541445518794,112.358382668983
93.8,47.4,0,27.224988521577,105.771948056855
96.9,34.5,1,23.7457364594152,76.6075022462489
101.1,27.7,0,22.5499445675594,56.9441771884463
93.5,37.1,0,26.6582069914689,83.7547473213231
90.4,47.2,0,30.4630924234556,103.671307132196
87.9,51.1,0,33.9649819667257,109.075098492446
86.0,45.2,0,34.3953485227291,98.6955028774248
94.9,42.6,0,25.2343020509781,95.9139290408006
94.4,28.2,0,28.1886501982624,65.2532517873738
91.3,48.8,1,30.0188274254675,107.046597926992
89.1,29.3,0,32.7001529048413,70.9001396790434
93.9,22.7,1,31.3129366237023,56.4621795368955
98.0,18.7,0,30.6217243146104,45.9261790353961
87.0,30.9,0,34.2317104451414,74.5834024586291
79.4,24.9,0,43.3170866979764,69.598766020842
97.6,49.9,0,24.4902021224816,113.843716799116
94.1,35.3,0,26.3229937507116,79.7146220250525
98.4,21.9,0,28.1810219828877,50.038239073331
98.4,32.8,0,22.7683991532123,71.565051177078
103.0,62.2,0,27.9614019677126,142.556344056439
95.8,10.5,0,38.1561266378022,39.3633641248722
97.6,32.5,0,23.6222352879655,71.4883500455026
83.0,53.4,0,39.3517471022571,109.908470290326
88.7,23.8,1,35.2438647143017,62.6351865876502
90.0,29.2,0,31.8847926134074,70.2011236454751
97.9,53.7,0,26.0019230058086,121.795167267687
96.3,29.0,0,26.1283371074395,65.102334561508
85.4,32.2,0,35.4682957019364,77.2959763859431
93.4,35.5,1,26.9779539624487,80.3980174238149
79.3,40.4,0,40.7019655545036,90.5630853551962
93.7,34.6,0,26.8486498729452,78.3971040772486
88.0,43.4,0,32.1801180855509,96.0649224454479
90.3,34.0,0,30.3,78.5788137250007
96.7,23.4,0,28.6085651510173,54.5321666831974
92.3,56.0,0,31.9889043263442,120.011474702287
93.8,36.5,0,26.4327448442268,82.3910326868287
84.3,28.1,0,37.6311041560037,71.565051177078
96.7,56.8,0,28.7250761530757,125.792736234479
85.5,29.6,0,36.0334566757063,73.2246051203707
102.8,16.4,0,29.2027395975104,36.0850730428521
86.2,54.3,0,36.7005449550821,112.93210043759
93.0,38.2,0,27.0599334810712,86.1859251657097
87.8,34.4,0,32.6833290838005,80.1341930569156
93.1,26.3,0,30.1877458582121,63.0105434035605
98.9,56.3,0,26.6627080395072,127.686511371968
98.5,26.4,0,25.4403223250021,57.6842676881065
82.7,54.9,0,40.1659059402374,111.774920454715
88.1,60.1,0,37.7043764038076,122.214784899768
98.3,43.7,0,22.0131778714478,99.6762710997723
106.7,15.5,1,27.8772308524358,28.495638618245
88.8,34.5,0,31.6810669012267,80.0024966620574
90.9,49.2,0,30.5196657910928,107.544412569561
95.9,66.3,0,35.6721179634739,137.499419596521
88.0,41.1,0,32.0189006681991,91.9687672065239
88.8,40.1,0,31.2001602559987,90.1836396901194
92.3,33.4,0,28.4754280038071,76.5981813126215
91.8,34.0,0,28.8312330641615,77.9885216136346
90.6,25.3,0,32.8701992692469,63.434948822922
96.6,37.3,1,23.5552541909443,83.418055344822
84.4,21.0,0,40.3529428914423,61.9108087557244
92.3,34.5,0,28.2407506982375,78.7696449463571
86.6,23.9,0,37.0778909864086,64.2642628623147
57.0,45.3,0,63.2225434477292,94.8087979505319
94.2,23.0,0,30.897249068485,56.6185243527946
98.9,56.2,0,26.6016916755307,127.516063251876
86.8,40.4,0,33.2024095511154,90.6902771978651
90.2,21.1,1,35.2880999771878,57.6159779215274
89.9,30.8,0,31.4745929282652,73.0043408049604
87.8,47.3,0,33.017116772971,102.773499103812
101.5,64.1,0,30.3819025079076,142.48889920164
91.0,28.7,0,31.1237851168524,68.7113672121775
100.8,62.3,0,29.4266885666736,139.271991710836
83.8,28.4,0,38.0131556174964,72.2323595329131
93.1,33.6,0,27.6508589378341,76.617101137014
85.9,48.2,0,35.0720686586919,103.521150060547
91.4,49.3,0,30.0740752143769,108.013220943258
96.1,45.7,0,24.5703072833858,103.414102496133
91.9,26.5,0,31.1746692043396,64.339111314892
95.3,30.4,0,26.5,68.7606894476897
88.2,42.7,0,31.9144168049488,94.8530963869924
92.7,46.0,0,27.9515652513415,102.395406833758
92.2,55.2,0,31.6840653957159,118.668188391532
88.4,38.5,0,31.6355812337943,87.2823036172923
83.7,37.4,0,36.3929938312308,85.9031663486898
96.1,35.1,0,24.3971309788672,78.4137234653715
88.4,22.6,0,36.073813216792,61.1613725067204
96.7,33.2,0,24.2720003295979,73.7303530077404
98.4,45.2,0,22.2171105231981,103.535856369134
90.0,41.6,0,30.0426363690006,93.0528825147925
81.2,35.8,0,39.0266575560859,83.8219350978716
83.9,23.0,0,39.9025061869552,64.7835913663553
101.7,43.0,0,18.5442713526307,99.309940174986
100.3,7.9,0,37.662979170533,31.5377387641845
114.4,15.7,0,24.93692041933,12.9773953378174
100.8,51.8,0,22.5361931124136,121.574190750285
99.8,38.4,0,20.2632672587616,85.4711757630674
99.9,45.2,0,20.761743664731,104.504773277197
